dc6aa7e2-491c-5ca7-ad34-5c8f655f8e6c,Kyrigan,Brimstone,291.3,22,13,13,87.0,191.8,40.0,3,2,Easy As Pie,0,0,1,1,0,0,0,0,da1162ae-5d65-42fd-8c48-33f075c957b1
05ff3ccc-227f-56f0-ab05-4c36536ccb90,Prophesie,Neon,209.1,17,17,3,65.2,131.0,11.4,4,3,Alpha Threat,0,0,1,0,1,0,0,0,da1162ae-5d65-42fd-8c48-33f075c957b1
49a7d364-562c-5fce-86e9-9969a0ac8730,aT Kyshin,Skye,138.6,11,17,6,52.2,88.3,15.0,1,0,Alpha Threat,0,0,0,0,1,0,3,0,da1162ae-5d65-42fd-8c48-33f075c957b1
22276eb0-e1ec-5702-80f3-9985577d4e82,AnimateDragon,Brimstone,291.9,24,17,6,69.6,176.5,22.8,5,2,Alpha Threat,0,6,0,0,1,0,0,0,da1162ae-5d65-42fd-8c48-33f075c957b1
dae24c00-bf37-576b-b518-3b2abc60bf76,f a b i o,Yoru,266.8,25,13,5,82.6,172.2,22.1,2,0,Easy As Pie,0,0,0,0,1,0,0,0,da1162ae-5d65-42fd-8c48-33f075c957b1
c59618a0-eb70-5b55-9ada-630aae8b99f3,Opticss,Breach,139.0,9,17,12,60.9,86.7,20.5,3,6,Easy As Pie,0,0,0,0,0,0,1,0,da1162ae-5d65-42fd-8c48-33f075c957b1
14e53510-0c40-5214-ba72-9981a104b113,solar panel,Killjoy,176.0,13,17,3,52.2,111.0,9.4,1,4,Alpha Threat,0,0,0,0,1,1,0,0,da1162ae-5d65-42fd-8c48-33f075c957b1
528978f5-f331-5b6c-a417-1e4ad72ef279,HyTyde,Breach,122.7,8,21,7,65.2,83.8,15.6,2,1,Alpha Threat,0,0,0,0,0,0,3,0,da1162ae-5d65-42fd-8c48-33f075c957b1
65b3d6f1-470c-5975-b69d-166f7fc2d2bb,PAYGE,Killjoy,124.2,10,17,3,56.5,98.1,20.0,0,4,Easy As Pie,0,0,2,0,2,0,1,0,da1162ae-5d65-42fd-8c48-33f075c957b1
4a669153-31bc-5ff0-84d6-a24696182b66,StrawBerry,Jett,273.3,23,13,5,73.9,191.2,32.3,2,1,Easy As Pie,0,0,1,1,0,0,0,0,da1162ae-5d65-42fd-8c48-33f075c957b1
05ff3ccc-227f-56f0-ab05-4c36536ccb90,Prophesie,Viper,117.5,5,14,4,31.2,89.8,7.7,0,3,Alpha Threat,0,0,0,0,0,0,2,0,7be31cde-a299-4518-a215-2d44b4a54b46
14e53510-0c40-5214-ba72-9981a104b113,solar panel,Sage,96.9,5,16,2,43.8,63.5,25.0,1,2,Alpha Threat,0,0,1,0,1,0,0,0,7be31cde-a299-4518-a215-2d44b4a54b46
22276eb0-e1ec-5702-80f3-9985577d4e82,AnimateDragon,Brimstone,165.7,8,15,1,43.8,97.6,41.9,1,4,Alpha Threat,1,0,0,0,0,0,0,0,7be31cde-a299-4518-a215-2d44b4a54b46
65b3d6f1-470c-5975-b69d-166f7fc2d2bb,PAYGE,Viper,237.7,14,5,6,87.5,145.8,12.8,1,2,Easy As Pie,0,2,0,0,0,0,0,0,7be31cde-a299-4518-a215-2d44b4a54b46
dae24c00-bf37-576b-b518-3b2abc60bf76,f a b i o,Raze,418.4,25,7,6,93.8,262.9,18.2,4,0,Easy As Pie,0,0,0,0,1,0,1,0,7be31cde-a299-4518-a215-2d44b4a54b46
c59618a0-eb70-5b55-9ada-630aae8b99f3,Opticss,Skye,148.9,9,7,5,87.5,83.8,40.9,0,0,Easy As Pie,0,0,0,0,0,0,0,0,7be31cde-a299-4518-a215-2d44b4a54b46
49a7d364-562c-5fce-86e9-9969a0ac8730,aT Kyshin,Jett,208.6,12,14,0,43.8,132.9,28.1,1,0,Alpha Threat,0,0,1,0,0,0,1,0,7be31cde-a299-4518-a215-2d44b4a54b46
528978f5-f331-5b6c-a417-1e4ad72ef279,HyTyde,Gekko,78.5,3,16,2,37.5,59.1,28.6,0,4,Alpha Threat,0,0,0,0,1,0,0,0,7be31cde-a299-4518-a215-2d44b4a54b46
dc6aa7e2-491c-5ca7-ad34-5c8f655f8e6c,Kyrigan,Brimstone,151.6,9,7,11,75.0,96.9,25.0,3,1,Easy As Pie,0,0,1,0,0,0,0,0,7be31cde-a299-4518-a215-2d44b4a54b46
4a669153-31bc-5ff0-84d6-a24696182b66,StrawBerry,Jett,309.1,18,7,4,87.5,183.2,28.6,5,0,Easy As Pie,0,0,0,0,0,0,0,0,7be31cde-a299-4518-a215-2d44b4a54b46
c59618a0-eb70-5b55-9ada-630aae8b99f3,Opticss,Skye,174.0,13,16,8,77.3,119.9,35.3,1,4,Easy As Pie,0,0,0,0,0,0,1,0,5373f299-3860-4223-96a9-2500969f2928
f0c62929-ab9e-5aa9-905b-03e09cc0dd8a,TNL Strober,Omen,198.4,15,17,7,81.8,131.0,22.6,3,2,Team Name Loading,0,0,1,0,0,0,0,0,5373f299-3860-4223-96a9-2500969f2928
2af8c465-fd90-504e-b0f8-25f56159eb9e,gkjfldjgdfljlkgj,Raze,361.3,27,17,4,81.8,236.5,30.7,6,4,Team Name Loading,0,0,0,0,0,0,0,0,5373f299-3860-4223-96a9-2500969f2928
7a2d099f-bd0d-50be-83ec-29f466fe6fb8,TNL Cano,Cypher,126.5,13,14,1,81.8,72.5,15.6,0,0,Team Name Loading,0,0,0,0,1,0,0,0,5373f299-3860-4223-96a9-2500969f2928
622e8ac6-06a1-5740-bf67-05326ed4d4a9,Allora,Skye,232.2,20,13,7,77.3,143.4,19.4,2,1,Team Name Loading,1,0,1,1,2,0,1,0,5373f299-3860-4223-96a9-2500969f2928
65b3d6f1-470c-5975-b69d-166f7fc2d2bb,PAYGE,Sage,179.4,11,19,8,68.2,114.1,10.0,1,1,Easy As Pie,0,0,1,0,2,0,0,0,5373f299-3860-4223-96a9-2500969f2928
dc6aa7e2-491c-5ca7-ad34-5c8f655f8e6c,Kyrigan,Raze,300.5,23,19,4,77.3,202.6,19.6,5,2,Easy As Pie,1,0,3,2,1,0,0,0,5373f299-3860-4223-96a9-2500969f2928
981c14eb-f05d-5936-9a2f-b83bd879da04,W a f f l e,Viper,200.7,14,16,4,63.6,123.8,34.1,1,2,Easy As Pie,1,0,1,0,2,0,0,0,5373f299-3860-4223-96a9-2500969f2928
02a14456-4666-5b48-a1cd-15a0c2bb2e5d,TNL Divinity,Reyna,170.6,10,15,8,68.2,124.7,5.3,1,3,Team Name Loading,0,0,0,0,0,0,1,0,5373f299-3860-4223-96a9-2500969f2928
dfc25b04-713a-5264-a2c4-c67d6e3b51f5,CChrisssp,Harbor,180.7,15,15,8,72.7,118.3,24.5,2,3,Easy As Pie,0,0,0,0,1,0,0,0,5373f299-3860-4223-96a9-2500969f2928
2af8c465-fd90-504e-b0f8-25f56159eb9e,gkjfldjgdfljlkgj,Phoenix,336.8,38,25,10,76.5,219.9,43.0,5,3,Team Name Loading,0,0,2,1,0,0,0,0,81c56faa-ce6b-41b0-9f53-fef8f7427a1a
7a2d099f-bd0d-50be-83ec-29f466fe6fb8,TNL Cano,Cypher,193.4,24,24,6,64.7,126.5,12.0,1,3,Team Name Loading,0,0,0,0,0,0,2,0,81c56faa-ce6b-41b0-9f53-fef8f7427a1a
622e8ac6-06a1-5740-bf67-05326ed4d4a9,Allora,Skye,181.2,20,25,14,73.5,122.3,23.1,1,4,Team Name Loading,0,0,2,1,1,0,0,0,81c56faa-ce6b-41b0-9f53-fef8f7427a1a
dc6aa7e2-491c-5ca7-ad34-5c8f655f8e6c,Kyrigan,Astra,244.8,26,26,12,82.4,167.2,23.5,5,2,Easy As Pie,0,0,2,0,0,0,0,0,81c56faa-ce6b-41b0-9f53-fef8f7427a1a
981c14eb-f05d-5936-9a2f-b83bd879da04,W a f f l e,Viper,209.6,24,23,10,67.6,155.6,30.0,2,2,Easy As Pie,0,0,3,1,2,0,0,0,81c56faa-ce6b-41b0-9f53-fef8f7427a1a
c59618a0-eb70-5b55-9ada-630aae8b99f3,Opticss,Skye,138.4,17,24,6,76.5,107.0,25.4,0,1,Easy As Pie,0,0,2,0,0,0,0,0,81c56faa-ce6b-41b0-9f53-fef8f7427a1a
f0c62929-ab9e-5aa9-905b-03e09cc0dd8a,TNL Strober,Omen,178.3,21,26,6,55.9,118.7,21.3,2,9,Team Name Loading,0,0,1,0,1,0,1,0,81c56faa-ce6b-41b0-9f53-fef8f7427a1a
02a14456-4666-5b48-a1cd-15a0c2bb2e5d,TNL Divinity,Viper,136.4,17,23,11,64.7,87.9,9.7,1,5,Team Name Loading,0,0,0,0,0,0,3,0,81c56faa-ce6b-41b0-9f53-fef8f7427a1a
65b3d6f1-470c-5975-b69d-166f7fc2d2bb,PAYGE,Killjoy,209.9,23,20,11,73.5,156.1,14.4,3,2,Easy As Pie,0,0,3,1,1,0,0,0,81c56faa-ce6b-41b0-9f53-fef8f7427a1a
dfc25b04-713a-5264-a2c4-c67d6e3b51f5,CChrisssp,Jett,281.6,33,27,3,64.7,171.2,25.6,14,3,Easy As Pie,0,0,0,0,1,0,0,0,81c56faa-ce6b-41b0-9f53-fef8f7427a1a
dc6aa7e2-491c-5ca7-ad34-5c8f655f8e6c,Kyrigan,Gekko,117.6,4,16,7,62.5,90.0,13.3,0,3,Easy As Pie,0,0,0,0,0,0,0,0,07a26827-564d-4860-a8b9-df81c6a9525b
65b3d6f1-470c-5975-b69d-166f7fc2d2bb,PAYGE,Omen,235.8,13,11,2,62.5,145.1,23.9,0,0,Easy As Pie,2,0,0,0,1,0,1,0,07a26827-564d-4860-a8b9-df81c6a9525b
4a669153-31bc-5ff0-84d6-a24696182b66,StrawBerry,Jett,106.9,6,15,1,43.8,71.7,9.4,2,7,Easy As Pie,0,0,1,0,1,0,0,0,07a26827-564d-4860-a8b9-df81c6a9525b
5ce65c80-3d80-572f-8c60-0757bb9103b1,baleb,Raze,342.8,20,6,4,93.8,213.9,16.9,3,0,Killer Instinct Gaming,0,0,1,0,0,0,0,0,07a26827-564d-4860-a8b9-df81c6a9525b
60b7dcb4-d3f0-5566-92ed-e54637417fb9,KIG NOIR,Omen,180.2,11,7,8,93.8,109.0,24.2,1,1,Killer Instinct Gaming,0,0,0,0,0,0,0,0,07a26827-564d-4860-a8b9-df81c6a9525b
371487da-72ae-54ee-9e17-30e44420880a,KIG Krispyy,Fade,140.4,8,10,1,62.5,91.3,12.8,3,3,Killer Instinct Gaming,0,0,0,0,0,0,0,0,07a26827-564d-4860-a8b9-df81c6a9525b
dae24c00-bf37-576b-b518-3b2abc60bf76,f a b i o,Cypher,216.0,12,14,0,43.8,147.0,27.8,1,0,Easy As Pie,0,0,0,0,3,0,1,0,07a26827-564d-4860-a8b9-df81c6a9525b
981c14eb-f05d-5936-9a2f-b83bd879da04,W a f f l e,Breach,58.2,2,14,4,37.5,48.8,22.2,1,2,Easy As Pie,0,0,0,0,0,0,1,0,07a26827-564d-4860-a8b9-df81c6a9525b
21f35e3f-136d-5c53-9332-cf95d35aea3e,KIG sutterismine,Killjoy,145.7,9,8,1,68.8,99.1,12.5,1,0,Killer Instinct Gaming,1,0,0,0,1,0,0,0,07a26827-564d-4860-a8b9-df81c6a9525b
be0fbb47-2214-5b95-81f6-20ce9fdd17e6,Monke,Breach,369.2,22,6,5,87.5,244.2,23.9,4,0,Killer Instinct Gaming,0,0,0,0,1,0,0,0,07a26827-564d-4860-a8b9-df81c6a9525b
371487da-72ae-54ee-9e17-30e44420880a,KIG Krispyy,Skye,272.1,16,12,9,77.8,179.1,10.0,2,4,Killer Instinct Gaming,2,0,0,0,0,0,0,0,8a14646d-3dea-4ee9-86f3-4c6a5e91cad8
be0fbb47-2214-5b95-81f6-20ce9fdd17e6,Monke,Viper,270.7,17,9,6,77.8,168.4,23.6,0,0,Killer Instinct Gaming,0,0,1,0,0,0,0,0,8a14646d-3dea-4ee9-86f3-4c6a5e91cad8
dc6aa7e2-491c-5ca7-ad34-5c8f655f8e6c,Kyrigan,Skye,100.4,5,15,3,50.0,65.0,26.1,1,3,Easy As Pie,0,0,1,0,0,0,0,0,8a14646d-3dea-4ee9-86f3-4c6a5e91cad8
65b3d6f1-470c-5975-b69d-166f7fc2d2bb,PAYGE,Brimstone,180.6,10,16,5,77.8,137.1,27.0,1,2,Easy As Pie,0,0,0,0,1,0,1,0,8a14646d-3dea-4ee9-86f3-4c6a5e91cad8
dae24c00-bf37-576b-b518-3b2abc60bf76,f a b i o,Raze,212.3,12,13,2,61.1,136.6,18.8,3,2,Easy As Pie,0,0,0,0,0,0,0,0,8a14646d-3dea-4ee9-86f3-4c6a5e91cad8
4a669153-31bc-5ff0-84d6-a24696182b66,StrawBerry,Jett,220.5,13,14,2,72.2,145.4,14.1,5,1,Easy As Pie,0,1,0,0,1,0,0,0,8a14646d-3dea-4ee9-86f3-4c6a5e91cad8
981c14eb-f05d-5936-9a2f-b83bd879da04,W a f f l e,Viper,211.7,14,16,0,61.1,139.8,30.0,0,0,Easy As Pie,1,0,1,0,1,0,3,0,8a14646d-3dea-4ee9-86f3-4c6a5e91cad8
21f35e3f-136d-5c53-9332-cf95d35aea3e,KIG sutterismine,Cypher,143.2,11,10,1,66.7,95.2,25.7,1,3,Killer Instinct Gaming,0,0,1,1,0,0,0,0,8a14646d-3dea-4ee9-86f3-4c6a5e91cad8
5ce65c80-3d80-572f-8c60-0757bb9103b1,baleb,Raze,300.1,20,10,4,77.8,182.8,22.8,4,3,Killer Instinct Gaming,0,0,1,1,0,0,1,0,8a14646d-3dea-4ee9-86f3-4c6a5e91cad8
60b7dcb4-d3f0-5566-92ed-e54637417fb9,KIG NOIR,Omen,157.3,9,13,7,72.2,94.9,7.0,1,0,Killer Instinct Gaming,0,0,0,0,1,0,1,0,8a14646d-3dea-4ee9-86f3-4c6a5e91cad8
5ce65c80-3d80-572f-8c60-0757bb9103b1,baleb,Raze,241.1,23,18,2,69.2,159.8,13.6,1,1,Killer Instinct Gaming,0,1,2,0,3,1,0,0,13c29953-9f12-4c8c-8f6d-c23bb159dd73
371487da-72ae-54ee-9e17-30e44420880a,KIG Krispyy,Neon,225.2,18,23,7,61.5,148.5,19.4,7,8,Killer Instinct Gaming,1,2,0,0,1,0,0,0,13c29953-9f12-4c8c-8f6d-c23bb159dd73
dc6aa7e2-491c-5ca7-ad34-5c8f655f8e6c,Kyrigan,Gekko,237.3,22,16,8,76.9,158.6,23.3,4,2,Easy As Pie,0,0,2,1,0,0,0,0,13c29953-9f12-4c8c-8f6d-c23bb159dd73
65b3d6f1-470c-5975-b69d-166f7fc2d2bb,PAYGE,Brimstone,217.2,21,14,10,84.6,155.3,39.6,2,4,Easy As Pie,0,0,0,0,0,0,1,0,13c29953-9f12-4c8c-8f6d-c23bb159dd73
4a669153-31bc-5ff0-84d6-a24696182b66,StrawBerry,Jett,256.7,25,21,2,80.8,151.0,23.7,0,3,Easy As Pie,0,4,0,0,0,0,1,0,13c29953-9f12-4c8c-8f6d-c23bb159dd73
981c14eb-f05d-5936-9a2f-b83bd879da04,W a f f l e,Breach,104.3,8,17,9,65.4,67.8,21.9,2,3,Easy As Pie,0,0,1,0,1,0,0,0,13c29953-9f12-4c8c-8f6d-c23bb159dd73
21f35e3f-136d-5c53-9332-cf95d35aea3e,KIG sutterismine,Breach,204.7,21,19,6,69.2,136.8,18.5,3,1,Killer Instinct Gaming,0,0,2,1,1,0,2,0,13c29953-9f12-4c8c-8f6d-c23bb159dd73
dae24c00-bf37-576b-b518-3b2abc60bf76,f a b i o,Cypher,303.9,26,21,7,88.5,212.6,32.1,5,1,Easy As Pie,0,0,1,0,2,0,0,0,13c29953-9f12-4c8c-8f6d-c23bb159dd73
60b7dcb4-d3f0-5566-92ed-e54637417fb9,KIG NOIR,Omen,140.8,14,22,7,65.4,88.0,17.8,0,2,Killer Instinct Gaming,0,0,0,0,0,0,0,0,13c29953-9f12-4c8c-8f6d-c23bb159dd73
be0fbb47-2214-5b95-81f6-20ce9fdd17e6,Monke,Viper,171.6,13,20,10,61.5,133.3,21.7,2,1,Killer Instinct Gaming,0,0,1,1,1,0,0,0,13c29953-9f12-4c8c-8f6d-c23bb159dd73
dc6aa7e2-491c-5ca7-ad34-5c8f655f8e6c,Kyrigan,Raze,218.1,11,10,7,80.0,174.9,25.0,1,2,Easy As Pie,0,0,2,0,0,0,0,0,d13dabde-3f0c-4c19-90ca-3d9972507a30
65b3d6f1-470c-5975-b69d-166f7fc2d2bb,p o o j,Sage,157.3,9,5,5,93.3,108.9,20.0,1,0,Easy As Pie,0,0,0,0,0,0,0,0,d13dabde-3f0c-4c19-90ca-3d9972507a30
22276eb0-e1ec-5702-80f3-9985577d4e82,MG AnimateDragon,Skye,202.9,11,14,3,80.0,131.3,17.5,0,2,Alpha Threat,0,0,0,0,2,0,1,0,d13dabde-3f0c-4c19-90ca-3d9972507a30
14e53510-0c40-5214-ba72-9981a104b113,solar panel,Sage,113.7,5,15,2,46.7,79.7,30.0,0,3,Alpha Threat,0,0,0,0,2,0,0,0,d13dabde-3f0c-4c19-90ca-3d9972507a30
05ff3ccc-227f-56f0-ab05-4c36536ccb90,Prophesie,Yoru,166.8,7,13,2,60.0,108.1,16.3,1,5,Alpha Threat,0,0,0,0,1,0,1,0,d13dabde-3f0c-4c19-90ca-3d9972507a30
f0f5dfca-1b7f-55ff-8df3-b1a4173ea1e4,ItsJustRJ,Viper,192.6,9,14,2,60.0,117.8,34.5,2,2,Alpha Threat,0,0,0,0,0,0,1,0,d13dabde-3f0c-4c19-90ca-3d9972507a30
49a7d364-562c-5fce-86e9-9969a0ac8730,aT Kyshin,Jett,214.0,11,12,0,66.7,135.5,45.8,0,0,Alpha Threat,0,0,2,0,0,0,0,0,d13dabde-3f0c-4c19-90ca-3d9972507a30
c59618a0-eb70-5b55-9ada-630aae8b99f3,Opticss,Skye,192.2,11,10,5,86.7,130.5,30.0,3,0,Easy As Pie,0,0,1,1,0,0,0,0,d13dabde-3f0c-4c19-90ca-3d9972507a30
4a669153-31bc-5ff0-84d6-a24696182b66,StrawBerry,Astra,226.9,13,11,1,73.3,148.7,31.7,2,1,Easy As Pie,0,0,0,0,0,0,0,0,d13dabde-3f0c-4c19-90ca-3d9972507a30
981c14eb-f05d-5936-9a2f-b83bd879da04,W a f f l e,Viper,435.9,24,7,6,100.0,278.2,66.7,5,0,Easy As Pie,0,0,0,0,0,0,0,0,d13dabde-3f0c-4c19-90ca-3d9972507a30
65b3d6f1-470c-5975-b69d-166f7fc2d2bb,p o o j,Viper,291.2,27,16,11,71.4,169.7,20.3,4,2,Easy As Pie,0,0,3,0,1,0,0,0,bcf77a5e-7568-4ebe-9bdb-e93748435b58
981c14eb-f05d-5936-9a2f-b83bd879da04,W a f f l e,Breach,211.7,20,20,10,75.0,132.0,24.6,3,1,Easy As Pie,0,0,0,0,2,0,1,0,bcf77a5e-7568-4ebe-9bdb-e93748435b58
c59618a0-eb70-5b55-9ada-630aae8b99f3,Opticss,Fade,128.8,14,20,4,57.1,82.2,27.0,1,5,Easy As Pie,0,0,0,0,0,0,0,0,bcf77a5e-7568-4ebe-9bdb-e93748435b58
f0f5dfca-1b7f-55ff-8df3-b1a4173ea1e4,ItsJustRJ,Brimstone,225.2,21,23,9,75.0,155.3,12.6,0,3,Alpha Threat,0,0,2,0,1,0,0,0,bcf77a5e-7568-4ebe-9bdb-e93748435b58
22276eb0-e1ec-5702-80f3-9985577d4e82,MG AnimateDragon,Breach,214.5,22,24,11,78.6,133.5,23.5,3,0,Alpha Threat,0,0,0,0,0,0,1,0,bcf77a5e-7568-4ebe-9bdb-e93748435b58
dc6aa7e2-491c-5ca7-ad34-5c8f655f8e6c,Kyrigan,Brimstone,246.9,23,21,14,78.6,164.7,15.7,1,1,Easy As Pie,0,0,1,0,1,0,0,0,bcf77a5e-7568-4ebe-9bdb-e93748435b58
4a669153-31bc-5ff0-84d6-a24696182b66,StrawBerry,Jett,247.4,24,23,5,71.4,152.6,25.8,6,4,Easy As Pie,0,3,1,0,1,0,0,0,bcf77a5e-7568-4ebe-9bdb-e93748435b58
14e53510-0c40-5214-ba72-9981a104b113,solar panel,Killjoy,174.3,18,20,7,67.9,128.6,14.9,1,2,Alpha Threat,0,0,1,0,2,0,1,0,bcf77a5e-7568-4ebe-9bdb-e93748435b58
528978f5-f331-5b6c-a417-1e4ad72ef279,HyTyde,Gekko,223.7,23,17,9,67.9,141.9,21.4,5,4,Alpha Threat,1,0,1,0,0,0,1,0,bcf77a5e-7568-4ebe-9bdb-e93748435b58
05ff3ccc-227f-56f0-ab05-4c36536ccb90,Prophesie,Neon,180.4,16,24,7,57.1,121.3,14.3,4,6,Alpha Threat,0,0,1,0,2,0,1,0,bcf77a5e-7568-4ebe-9bdb-e93748435b58
4a669153-31bc-5ff0-84d6-a24696182b66,StrawBerry,Jett,129.0,10,20,2,47.8,84.7,10.8,2,6,Easy As Pie,0,3,0,0,1,0,2,0,2e894c19-00af-4c2b-ae25-d21ad2b61901
b5771520-554f-5e7a-a583-7d4ee9739ae7,King Clutch,Skye,147.2,10,17,13,73.9,99.8,25.6,2,1,Munchers,0,0,0,0,1,0,0,0,2e894c19-00af-4c2b-ae25-d21ad2b61901
65b3d6f1-470c-5975-b69d-166f7fc2d2bb,p o o j,Killjoy,364.5,31,15,1,78.3,222.5,18.8,2,1,Easy As Pie,0,0,0,0,1,0,0,0,2e894c19-00af-4c2b-ae25-d21ad2b61901
c59618a0-eb70-5b55-9ada-630aae8b99f3,Opticss,Breach,97.3,6,19,10,69.6,74.0,16.1,0,2,Easy As Pie,0,0,0,0,1,0,2,0,2e894c19-00af-4c2b-ae25-d21ad2b61901
c920f99a-1d9f-5c69-8fbb-f324ef599edf,TheyCallMePapi,Breach,199.9,15,16,12,82.6,123.8,15.4,3,2,Munchers,0,4,2,0,1,0,1,0,2e894c19-00af-4c2b-ae25-d21ad2b61901
dc6aa7e2-491c-5ca7-ad34-5c8f655f8e6c,Kyrigan,Omen,139.8,10,18,13,69.6,82.9,21.1,1,3,Easy As Pie,0,0,0,0,1,0,1,0,2e894c19-00af-4c2b-ae25-d21ad2b61901
981c14eb-f05d-5936-9a2f-b83bd879da04,W a f f l e,Sova,203.4,17,17,5,60.9,150.3,39.3,3,3,Easy As Pie,0,0,2,0,0,0,2,0,2e894c19-00af-4c2b-ae25-d21ad2b61901
dfc25b04-713a-5264-a2c4-c67d6e3b51f5,CChrisssp,Astra,324.7,28,10,13,95.7,206.7,31.3,5,0,Munchers,0,0,0,0,0,0,0,0,2e894c19-00af-4c2b-ae25-d21ad2b61901
3dab4bdd-3e9a-5f33-a9d0-77f692ca6bb9,anzin,Killjoy,183.3,15,15,6,73.9,139.3,22.0,2,0,Munchers,0,0,2,0,0,0,0,0,2e894c19-00af-4c2b-ae25-d21ad2b61901
d02eace0-be5a-5828-93e5-e69de4fab74c,TN CYX,Jett,253.3,21,16,2,73.9,158.6,20.6,3,5,Munchers,0,0,0,0,0,0,1,0,2e894c19-00af-4c2b-ae25-d21ad2b61901
3dab4bdd-3e9a-5f33-a9d0-77f692ca6bb9,anzin,Killjoy,112.0,5,15,2,56.2,89.3,23.9,0,3,Munchers,0,0,0,0,0,0,0,0,8add8f2e-8939-4cbb-8737-3450ba35b1ea
b5771520-554f-5e7a-a583-7d4ee9739ae7,King Clutch,Skye,1.6,0,2,1,93.8,0.0,0.0,0,0,Munchers,0,0,2,0,2,0,2,0,8add8f2e-8939-4cbb-8737-3450ba35b1ea
65b3d6f1-470c-5975-b69d-166f7fc2d2bb,p o o j,Sage,158.7,8,8,10,100.0,108.5,12.5,2,3,Easy As Pie,0,0,0,0,0,0,0,0,8add8f2e-8939-4cbb-8737-3450ba35b1ea
c59618a0-eb70-5b55-9ada-630aae8b99f3,Opticss,Skye,101.4,5,9,10,87.5,65.3,46.7,1,0,Easy As Pie,0,0,1,0,0,0,1,0,8add8f2e-8939-4cbb-8737-3450ba35b1ea
dfc25b04-713a-5264-a2c4-c67d6e3b51f5,CChrisssp,Viper,216.1,11,15,1,56.2,153.9,26.1,2,2,Munchers,0,0,0,0,0,0,0,0,8add8f2e-8939-4cbb-8737-3450ba35b1ea
d02eace0-be5a-5828-93e5-e69de4fab74c,TN CYX,Raze,215.5,11,15,4,56.2,139.2,18.4,2,6,Munchers,0,0,0,0,0,0,0,0,8add8f2e-8939-4cbb-8737-3450ba35b1ea
c920f99a-1d9f-5c69-8fbb-f324ef599edf,TheyCallMePapi,Brimstone,257.5,14,14,1,68.8,173.8,35.0,0,1,Munchers,0,1,0,0,1,0,0,0,8add8f2e-8939-4cbb-8737-3450ba35b1ea
dc6aa7e2-491c-5ca7-ad34-5c8f655f8e6c,Kyrigan,Raze,352.7,20,7,4,93.8,237.7,25.8,2,0,Easy As Pie,0,1,1,1,1,1,0,0,8add8f2e-8939-4cbb-8737-3450ba35b1ea
981c14eb-f05d-5936-9a2f-b83bd879da04,W a f f l e,Viper,181.5,12,8,2,93.8,113.1,20.0,3,1,Easy As Pie,0,0,0,0,1,0,0,0,8add8f2e-8939-4cbb-8737-3450ba35b1ea
4a669153-31bc-5ff0-84d6-a24696182b66,StrawBerry,Astra,252.1,16,9,3,81.2,141.0,29.7,4,0,Easy As Pie,0,0,0,0,0,0,0,0,8add8f2e-8939-4cbb-8737-3450ba35b1ea
65b3d6f1-470c-5975-b69d-166f7fc2d2bb,p o o j,Jett,268.3,16,14,5,77.8,180.0,21.4,6,4,Easy As Pie,0,5,0,0,0,0,0,0,21dba896-d82d-4592-b650-1656807c91bd
dc6aa7e2-491c-5ca7-ad34-5c8f655f8e6c,Kyrigan,KAY/O,221.8,14,15,7,77.8,145.4,23.9,0,1,Easy As Pie,0,1,0,0,2,0,1,0,21dba896-d82d-4592-b650-1656807c91bd
3d5fe44e-c54a-5d61-9a2e-c945a68a7fb1,PRODS Ekitten,Killjoy,209.8,13,15,3,61.1,130.1,10.2,1,2,Munchers,0,6,0,0,0,0,0,0,21dba896-d82d-4592-b650-1656807c91bd
3dab4bdd-3e9a-5f33-a9d0-77f692ca6bb9,anzin,Sova,232.3,18,12,4,83.3,147.4,30.4,0,1,Munchers,0,0,2,0,1,0,0,0,21dba896-d82d-4592-b650-1656807c91bd
981c14eb-f05d-5936-9a2f-b83bd879da04,W a f f l e,Killjoy,206.4,12,15,4,66.7,154.0,12.8,2,0,Easy As Pie,1,0,2,0,1,0,0,0,21dba896-d82d-4592-b650-1656807c91bd
c59618a0-eb70-5b55-9ada-630aae8b99f3,Opticss,Fade,85.1,4,16,5,44.4,59.3,10.5,0,2,Easy As Pie,0,0,1,0,0,0,1,0,21dba896-d82d-4592-b650-1656807c91bd
4a669153-31bc-5ff0-84d6-a24696182b66,StrawBerry,Astra,231.9,15,16,1,72.2,143.3,53.3,1,2,Easy As Pie,0,0,0,0,1,0,1,0,21dba896-d82d-4592-b650-1656807c91bd
dfc25b04-713a-5264-a2c4-c67d6e3b51f5,CChrisssp,Omen,147.1,9,12,5,72.2,86.9,42.1,1,2,Munchers,0,1,0,0,0,0,1,0,21dba896-d82d-4592-b650-1656807c91bd
d02eace0-be5a-5828-93e5-e69de4fab74c,TN CYX,Jett,290.8,20,13,3,94.4,183.9,15.9,3,2,Munchers,0,1,0,0,1,1,0,0,21dba896-d82d-4592-b650-1656807c91bd
c920f99a-1d9f-5c69-8fbb-f324ef599edf,TheyCallMePapi,Phoenix,259.3,16,9,7,77.8,156.2,11.9,4,2,Munchers,0,0,1,1,0,0,0,0,21dba896-d82d-4592-b650-1656807c91bd
1b8177ea-1179-556c-b7ad-52ce282f5a34,Hideki,Raze,327.2,26,15,3,66.7,227.5,16.3,5,6,Queens,0,0,0,0,0,0,0,0,22305dd3-86f9-47c1-a9ac-3aa098d1c90f
4a669153-31bc-5ff0-84d6-a24696182b66,StrawBerry,Astra,243.3,21,19,5,75.0,164.3,33.3,2,2,Easy As Pie,1,0,0,0,0,0,1,0,22305dd3-86f9-47c1-a9ac-3aa098d1c90f
dc6aa7e2-491c-5ca7-ad34-5c8f655f8e6c,Kyrigan,Skye,174.5,16,13,3,70.8,105.8,20.5,4,1,Easy As Pie,0,0,0,0,0,0,0,0,22305dd3-86f9-47c1-a9ac-3aa098d1c90f
981c14eb-f05d-5936-9a2f-b83bd879da04,W a f f l e,Viper,168.7,11,13,11,58.3,110.4,30.0,2,2,Easy As Pie,0,0,0,0,1,0,2,0,22305dd3-86f9-47c1-a9ac-3aa098d1c90f
3dab4bdd-3e9a-5f33-a9d0-77f692ca6bb9,anzin,Skye,97.6,8,16,6,66.7,64.8,16.1,0,1,Queens,0,0,0,0,1,0,0,0,22305dd3-86f9-47c1-a9ac-3aa098d1c90f
21afa283-0809-5745-ada3-c39260babd82,phantom,Cypher,210.6,17,15,8,75.0,150.1,28.1,3,1,Queens,0,0,2,1,0,0,1,0,22305dd3-86f9-47c1-a9ac-3aa098d1c90f
22276eb0-e1ec-5702-80f3-9985577d4e82,MG AnimateDragon,Astra,152.2,13,16,5,62.5,106.8,19.6,0,3,Queens,0,0,0,0,1,0,0,0,22305dd3-86f9-47c1-a9ac-3aa098d1c90f
649da68a-23b4-5b35-adc0-60165372e73e,CookieMonster262,Viper,137.9,11,11,4,79.2,85.0,22.5,4,1,Queens,0,0,0,0,2,0,2,0,22305dd3-86f9-47c1-a9ac-3aa098d1c90f
dae24c00-bf37-576b-b518-3b2abc60bf76,f a b i o,Raze,220.5,17,14,6,70.8,147.2,15.6,4,3,Easy As Pie,0,0,1,1,1,0,0,0,22305dd3-86f9-47c1-a9ac-3aa098d1c90f
c59618a0-eb70-5b55-9ada-630aae8b99f3,Opticss,Sage,88.8,8,16,5,70.8,59.2,25.9,0,4,Easy As Pie,0,0,0,0,0,0,0,0,22305dd3-86f9-47c1-a9ac-3aa098d1c90f
1b8177ea-1179-556c-b7ad-52ce282f5a34,Hideki,Jett,215.3,17,20,4,66.7,140.7,11.2,6,5,Queens,0,0,1,0,0,0,0,0,990397b6-ee76-40bc-b4c5-a99bc7f48795
22276eb0-e1ec-5702-80f3-9985577d4e82,MG AnimateDragon,Sova,155.7,12,14,6,70.8,112.2,26.3,0,0,Queens,0,0,1,0,0,0,2,0,990397b6-ee76-40bc-b4c5-a99bc7f48795
c59618a0-eb70-5b55-9ada-630aae8b99f3,Opticss,Skye,118.5,13,19,5,58.3,72.8,35.7,1,3,Easy As Pie,0,0,0,0,0,0,0,0,990397b6-ee76-40bc-b4c5-a99bc7f48795
dc6aa7e2-491c-5ca7-ad34-5c8f655f8e6c,Kyrigan,Omen,261.4,20,18,12,75.0,162.8,28.6,4,5,Easy As Pie,0,0,1,0,1,0,1,0,990397b6-ee76-40bc-b4c5-a99bc7f48795
65b3d6f1-470c-5975-b69d-166f7fc2d2bb,p o o j,Killjoy,262.2,22,15,5,66.7,169.2,20.7,0,1,Easy As Pie,0,0,0,0,2,1,4,1,990397b6-ee76-40bc-b4c5-a99bc7f48795
3dab4bdd-3e9a-5f33-a9d0-77f692ca6bb9,anzin,Killjoy,171.5,16,15,2,70.8,94.5,15.9,2,1,Queens,0,0,0,0,0,0,0,0,990397b6-ee76-40bc-b4c5-a99bc7f48795
21afa283-0809-5745-ada3-c39260babd82,phantom,Omen,276.9,24,11,8,87.5,184.5,27.4,1,1,Queens,0,0,2,0,1,0,3,0,990397b6-ee76-40bc-b4c5-a99bc7f48795
981c14eb-f05d-5936-9a2f-b83bd879da04,W a f f l e,Sova,116.3,7,18,6,58.3,92.8,20.5,1,2,Easy As Pie,1,0,0,0,0,0,1,0,990397b6-ee76-40bc-b4c5-a99bc7f48795
649da68a-23b4-5b35-adc0-60165372e73e,CookieMonster262,KAY/O,275.2,20,20,10,70.8,189.8,26.0,5,3,Queens,0,0,0,0,0,0,0,0,990397b6-ee76-40bc-b4c5-a99bc7f48795
4a669153-31bc-5ff0-84d6-a24696182b66,StrawBerry,Jett,222.0,18,19,6,66.7,141.6,20.9,4,3,Easy As Pie,0,4,0,0,0,0,0,0,990397b6-ee76-40bc-b4c5-a99bc7f48795
6f7b1054-72f3-5b45-8167-7577c22d93b7,XPL Imperius,Omen,149.5,11,17,10,70.8,92.5,8.8,1,0,Explicit,0,0,0,0,0,0,2,0,ea31b4fb-ab46-4f8a-b984-402c567bd139
1fed9064-6b98-5642-a7a5-19975421f633,XPL wickedjuul,Killjoy,128.8,10,14,4,70.8,85.2,16.0,2,1,Explicit,0,0,1,0,1,0,1,0,ea31b4fb-ab46-4f8a-b984-402c567bd139
6ad91293-ed9c-5d88-8bea-4f6e37d2c6a3,XPL Nick2K,Jett,154.8,14,15,1,62.5,109.3,24.2,2,2,Explicit,0,7,1,0,0,0,1,0,ea31b4fb-ab46-4f8a-b984-402c567bd139
dae24c00-bf37-576b-b518-3b2abc60bf76,f a b i o,Omen,271.9,24,14,11,79.2,173.5,30.1,2,0,Easy As Pie,0,0,0,0,4,0,2,0,ea31b4fb-ab46-4f8a-b984-402c567bd139
c59618a0-eb70-5b55-9ada-630aae8b99f3,Opticss,Fade,102.5,9,16,7,66.7,75.9,19.0,0,1,Easy As Pie,0,0,1,0,0,0,0,0,ea31b4fb-ab46-4f8a-b984-402c567bd139
4109cf9b-6f00-58a9-a6c4-66332fab249b,jonathanbnice,Killjoy,90.4,6,16,3,70.8,62.3,10.0,1,0,Easy As Pie,0,0,0,0,0,0,4,0,ea31b4fb-ab46-4f8a-b984-402c567bd139
080a01dd-14dc-5490-9dd3-933e316f87b9,XPL HoodieAlexTv,Astra,294.8,24,17,10,75.0,189.1,12.1,6,6,Explicit,0,0,0,0,0,0,0,0,ea31b4fb-ab46-4f8a-b984-402c567bd139
6e0172a2-57ec-5978-8992-1f30be9f290d,XPL JuneBug,Skye,274.8,23,18,9,70.8,179.3,18.2,3,1,Explicit,0,0,0,0,0,0,0,0,ea31b4fb-ab46-4f8a-b984-402c567bd139
4a669153-31bc-5ff0-84d6-a24696182b66,AT GreenSmurf32,Jett,278.0,22,18,4,62.5,182.8,30.3,5,10,Easy As Pie,2,0,0,0,0,0,0,0,ea31b4fb-ab46-4f8a-b984-402c567bd139
dc6aa7e2-491c-5ca7-ad34-5c8f655f8e6c,Kyrigan,KAY/O,236.9,20,18,7,79.2,145.0,22.4,2,3,Easy As Pie,0,2,0,0,0,0,0,0,ea31b4fb-ab46-4f8a-b984-402c567bd139
dae24c00-bf37-576b-b518-3b2abc60bf76,f a b i o,Raze,340.9,20,14,5,88.9,225.8,28.1,2,0,Easy As Pie,0,0,1,0,1,0,2,1,ae18c5c0-0408-4492-a134-cf1171e72b2a
dc6aa7e2-491c-5ca7-ad34-5c8f655f8e6c,Kyrigan,Omen,144.9,9,16,5,72.2,90.3,27.8,2,4,Easy As Pie,1,0,1,0,1,0,0,0,ae18c5c0-0408-4492-a134-cf1171e72b2a
4109cf9b-6f00-58a9-a6c4-66332fab249b,jonathanbnice,Killjoy,195.5,13,17,1,72.2,119.9,11.1,1,1,Easy As Pie,0,0,0,0,2,0,2,0,ae18c5c0-0408-4492-a134-cf1171e72b2a
c59618a0-eb70-5b55-9ada-630aae8b99f3,Opticss,Skye,146.8,8,15,6,61.1,110.7,26.5,0,3,Easy As Pie,0,0,1,0,0,0,0,0,ae18c5c0-0408-4492-a134-cf1171e72b2a
080a01dd-14dc-5490-9dd3-933e316f87b9,XPL HoodieAlexTv,Astra,300.9,18,15,7,88.9,211.3,27.9,7,3,Explicit,0,0,0,0,1,1,0,0,ae18c5c0-0408-4492-a134-cf1171e72b2a
1fed9064-6b98-5642-a7a5-19975421f633,XPL wickedjuul,Killjoy,86.0,7,10,3,77.8,67.6,17.6,0,2,Explicit,0,0,0,0,0,0,0,0,ae18c5c0-0408-4492-a134-cf1171e72b2a
6ad91293-ed9c-5d88-8bea-4f6e37d2c6a3,XPL Nick2K,Raze,407.8,27,11,2,88.9,248.9,18.1,4,1,Explicit,0,0,0,0,0,0,0,0,ae18c5c0-0408-4492-a134-cf1171e72b2a
4a669153-31bc-5ff0-84d6-a24696182b66,AT GreenSmurf32,Jett,128.4,5,17,5,61.1,100.8,21.1,1,4,Easy As Pie,0,0,0,0,1,0,1,0,ae18c5c0-0408-4492-a134-cf1171e72b2a
6f7b1054-72f3-5b45-8167-7577c22d93b7,XPL Imperius,Viper,230.7,15,10,12,88.9,157.2,11.8,0,0,Explicit,0,0,1,0,1,0,0,0,ae18c5c0-0408-4492-a134-cf1171e72b2a
6e0172a2-57ec-5978-8992-1f30be9f290d,XPL JuneBug,Skye,192.7,12,9,15,88.9,108.2,11.4,1,0,Explicit,0,0,0,0,0,0,0,0,ae18c5c0-0408-4492-a134-cf1171e72b2a
5d54b83f-defa-51e1-8e92-fc2a404a18de,Frost,Breach,242.2,24,19,15,71.4,159.1,17.7,3,2,Insert Team Name,0,0,0,0,0,0,1,0,7ac5a87a-5715-428f-aa0c-bb8c91819f11
6391fbd0-8c7c-51df-84a6-aeb9ef1e44ae,S t e v e O,Omen,272.5,27,22,14,82.1,173.1,25.7,3,2,Easy As Pie,0,0,0,0,1,0,1,0,7ac5a87a-5715-428f-aa0c-bb8c91819f11
befd6b4c-64c5-5dbc-a25c-adffdc2e0d42,blaze,Killjoy,218.5,23,20,6,67.9,147.4,26.3,2,1,Insert Team Name,0,0,1,0,0,0,0,0,7ac5a87a-5715-428f-aa0c-bb8c91819f11
65b3d6f1-470c-5975-b69d-166f7fc2d2bb,p o o j,Killjoy,215.7,20,16,2,67.9,149.4,17.8,2,2,Easy As Pie,0,0,3,0,3,0,1,0,7ac5a87a-5715-428f-aa0c-bb8c91819f11
981c14eb-f05d-5936-9a2f-b83bd879da04,W a f f l e,Breach,173.8,14,20,6,75.0,132.4,33.3,3,2,Easy As Pie,0,0,2,0,0,0,0,0,7ac5a87a-5715-428f-aa0c-bb8c91819f11
6ba57d8b-9312-5505-b1ce-41b56034c5f6,Nozs,Raze,221.7,19,19,11,75.0,157.9,17.6,2,6,Insert Team Name,0,0,1,0,1,0,0,0,7ac5a87a-5715-428f-aa0c-bb8c91819f11
c59618a0-eb70-5b55-9ada-630aae8b99f3,Opticss,Skye,173.4,16,19,14,64.3,110.6,22.8,1,1,Easy As Pie,0,0,0,0,1,0,0,0,7ac5a87a-5715-428f-aa0c-bb8c91819f11
2abf3555-a5c7-531b-bb80-ad8fd564e9d9,Avian,Skye,144.6,14,20,12,75.0,98.0,18.0,2,1,Insert Team Name,0,0,0,0,2,0,1,0,7ac5a87a-5715-428f-aa0c-bb8c91819f11
dfc25b04-713a-5264-a2c4-c67d6e3b51f5,CChrisssp,Brimstone,223.6,20,20,16,78.6,143.9,29.1,5,4,Insert Team Name,0,0,0,0,0,0,2,0,7ac5a87a-5715-428f-aa0c-bb8c91819f11
dae24c00-bf37-576b-b518-3b2abc60bf76,f a b i o,Neon,226.2,21,23,7,64.3,141.3,21.3,5,7,Easy As Pie,0,0,1,0,0,0,0,0,7ac5a87a-5715-428f-aa0c-bb8c91819f11
6391fbd0-8c7c-51df-84a6-aeb9ef1e44ae,S t e v e O,Jett,211.1,17,17,0,56.5,122.8,20.0,3,7,Easy As Pie,0,4,0,0,0,0,3,0,657ae0d8-7ef7-4a71-afcd-5203008db9e5
65b3d6f1-470c-5975-b69d-166f7fc2d2bb,p o o j,Killjoy,157.9,12,18,5,56.5,105.8,24.4,1,3,Easy As Pie,0,0,2,1,0,0,0,0,657ae0d8-7ef7-4a71-afcd-5203008db9e5
981c14eb-f05d-5936-9a2f-b83bd879da04,W a f f l e,Sova,131.3,10,14,4,65.2,95.3,22.6,0,1,Easy As Pie,0,0,1,0,0,0,0,0,657ae0d8-7ef7-4a71-afcd-5203008db9e5
5d54b83f-defa-51e1-8e92-fc2a404a18de,Frost,Omen,171.6,13,14,8,65.2,117.4,36.8,1,1,Insert Team Name,0,0,1,0,3,1,1,0,657ae0d8-7ef7-4a71-afcd-5203008db9e5
dfc25b04-713a-5264-a2c4-c67d6e3b51f5,CChrisssp,Skye,167.1,15,14,1,56.5,103.3,16.7,4,0,Insert Team Name,0,0,0,0,0,0,1,0,657ae0d8-7ef7-4a71-afcd-5203008db9e5
6ba57d8b-9312-5505-b1ce-41b56034c5f6,Nozs,Jett,212.6,17,15,2,73.9,142.0,30.2,4,2,Insert Team Name,0,0,0,0,0,0,0,0,657ae0d8-7ef7-4a71-afcd-5203008db9e5
befd6b4c-64c5-5dbc-a25c-adffdc2e0d42,blaze,Fade,353.3,28,15,5,82.6,232.8,30.0,5,1,Insert Team Name,0,0,1,0,0,0,0,0,657ae0d8-7ef7-4a71-afcd-5203008db9e5
dae24c00-bf37-576b-b518-3b2abc60bf76,f a b i o,Omen,221.1,16,17,11,65.2,143.6,35.4,3,2,Easy As Pie,0,0,2,1,0,0,1,0,657ae0d8-7ef7-4a71-afcd-5203008db9e5
2abf3555-a5c7-531b-bb80-ad8fd564e9d9,Avian,Cypher,117.4,10,15,2,69.6,75.1,17.9,2,3,Insert Team Name,2,0,0,0,0,0,0,0,657ae0d8-7ef7-4a71-afcd-5203008db9e5
c59618a0-eb70-5b55-9ada-630aae8b99f3,Opticss,Breach,204.3,18,17,6,65.2,136.3,26.9,0,3,Easy As Pie,0,0,0,0,1,0,0,0,657ae0d8-7ef7-4a71-afcd-5203008db9e5
6ba57d8b-9312-5505-b1ce-41b56034c5f6,Nozs,Skye,298.2,17,15,5,76.5,184.4,20.3,4,2,Insert Team Name,0,0,0,0,2,0,0,0,b1e67f80-05ef-46af-8ffe-5c1fe1dc182b
befd6b4c-64c5-5dbc-a25c-adffdc2e0d42,blaze,Raze,240.6,12,14,6,64.7,156.9,17.5,2,0,Insert Team Name,0,0,0,0,0,0,0,0,b1e67f80-05ef-46af-8ffe-5c1fe1dc182b
c59618a0-eb70-5b55-9ada-630aae8b99f3,Opticss,Sage,147.2,8,11,9,94.1,109.6,32.3,0,3,Easy As Pie,0,0,0,0,0,0,0,0,b1e67f80-05ef-46af-8ffe-5c1fe1dc182b
981c14eb-f05d-5936-9a2f-b83bd879da04,W a f f l e,Viper,190.6,13,13,6,82.4,141.6,35.5,1,2,Easy As Pie,0,0,2,0,0,0,0,0,b1e67f80-05ef-46af-8ffe-5c1fe1dc182b
2abf3555-a5c7-531b-bb80-ad8fd564e9d9,Avian,Omen,89.4,5,16,2,29.4,55.1,11.8,1,6,Insert Team Name,0,0,0,0,0,0,0,0,b1e67f80-05ef-46af-8ffe-5c1fe1dc182b
dae24c00-bf37-576b-b518-3b2abc60bf76,f a b i o,Raze,381.5,21,13,11,88.2,238.7,12.0,7,2,Easy As Pie,0,0,0,0,1,0,0,0,b1e67f80-05ef-46af-8ffe-5c1fe1dc182b
5d54b83f-defa-51e1-8e92-fc2a404a18de,Frost,Viper,196.9,10,16,7,82.4,129.4,29.8,1,1,Insert Team Name,1,0,0,0,2,0,1,0,b1e67f80-05ef-46af-8ffe-5c1fe1dc182b
dfc25b04-713a-5264-a2c4-c67d6e3b51f5,CChrisssp,Cypher,194.4,13,13,4,70.6,129.6,30.8,0,0,Insert Team Name,0,0,3,0,2,0,1,0,b1e67f80-05ef-46af-8ffe-5c1fe1dc182b
6391fbd0-8c7c-51df-84a6-aeb9ef1e44ae,S t e v e O,Skye,273.9,20,9,5,76.5,178.0,25.5,1,0,Easy As Pie,0,1,0,0,0,0,0,0,b1e67f80-05ef-46af-8ffe-5c1fe1dc182b
65b3d6f1-470c-5975-b69d-166f7fc2d2bb,p o o j,Brimstone,209.4,12,12,12,82.4,135.9,15.2,0,1,Easy As Pie,0,0,1,1,0,0,0,0,b1e67f80-05ef-46af-8ffe-5c1fe1dc182b
dae24c00-bf37-576b-b518-3b2abc60bf76,f a b i o,Jett,291.4,20,10,2,83.3,194.7,27.8,3,2,Easy As Pie,0,0,0,0,0,0,0,0,05a99321-9c0a-4206-9505-054b637214a6
1f7bcb1f-471c-5c20-866b-3fddccdb210c,cread,Cypher,219.2,12,15,6,55.6,148.3,17.4,4,2,Wingman's Demons,0,0,2,0,2,0,1,0,05a99321-9c0a-4206-9505-054b637214a6
65b3d6f1-470c-5975-b69d-166f7fc2d2bb,PAYGE,Omen,250.3,17,10,9,83.3,175.6,24.5,0,1,Easy As Pie,0,0,1,0,1,0,0,0,05a99321-9c0a-4206-9505-054b637214a6
c59618a0-eb70-5b55-9ada-630aae8b99f3,Opticss,Fade,92.1,6,11,3,72.2,60.3,23.8,0,1,Easy As Pie,0,0,0,0,0,0,0,0,05a99321-9c0a-4206-9505-054b637214a6
8d7b5981-1125-5fa1-94ba-d786d3a0b977,i miss her,Phoenix,381.3,22,14,4,88.9,250.4,28.8,6,4,Easy As Pie,0,0,0,0,0,0,0,0,05a99321-9c0a-4206-9505-054b637214a6
981c14eb-f05d-5936-9a2f-b83bd879da04,W a f f l e,Killjoy,112.7,6,9,3,77.8,86.7,15.0,1,0,Easy As Pie,0,0,0,0,1,0,1,0,05a99321-9c0a-4206-9505-054b637214a6
3f2bcc5e-0028-52f3-9f1d-0848758c0a50,xyrenz,KAY/O,265.9,14,12,7,83.3,174.4,16.4,0,2,Wingman's Demons,0,1,0,0,1,0,1,0,05a99321-9c0a-4206-9505-054b637214a6
dfc25b04-713a-5264-a2c4-c67d6e3b51f5,CChrisssp,Omen,155.2,10,16,4,72.2,96.7,18.4,0,2,Wingman's Demons,0,0,0,0,0,0,0,0,05a99321-9c0a-4206-9505-054b637214a6
e80b4143-057a-5247-9dfb-ee5441726d8f,KRLord,Jett,203.6,14,14,4,72.2,114.6,13.2,2,3,Wingman's Demons,0,2,0,0,1,0,0,0,05a99321-9c0a-4206-9505-054b637214a6
b5a0f530-055d-5a88-8739-a16e43d50ba0,LukeShiftWaiker,Sova,68.6,4,14,3,50.0,56.8,33.3,2,1,Wingman's Demons,0,0,1,0,0,0,0,0,05a99321-9c0a-4206-9505-054b637214a6
dfc25b04-713a-5264-a2c4-c67d6e3b51f5,CChrisssp,Skye,178.8,9,13,5,75.0,110.0,20.8,1,2,Wingman's Demons,0,0,0,0,1,0,1,0,4be612c0-3de6-414c-86ac-67413894ffd1
3f2bcc5e-0028-52f3-9f1d-0848758c0a50,xyrenz,Raze,216.3,12,12,5,68.8,141.7,17.6,3,2,Wingman's Demons,0,0,0,0,2,0,1,0,4be612c0-3de6-414c-86ac-67413894ffd1
65b3d6f1-470c-5975-b69d-166f7fc2d2bb,PAYGE,Brimstone,227.1,11,8,15,93.8,143.8,17.1,3,0,Easy As Pie,0,0,0,0,0,0,0,0,4be612c0-3de6-414c-86ac-67413894ffd1
8d7b5981-1125-5fa1-94ba-d786d3a0b977,i miss her,Jett,302.2,19,9,3,81.2,173.5,25.4,3,4,Easy As Pie,0,0,1,1,0,0,0,0,4be612c0-3de6-414c-86ac-67413894ffd1
dae24c00-bf37-576b-b518-3b2abc60bf76,f a b i o,Raze,324.6,19,8,5,93.8,211.0,21.3,2,3,Easy As Pie,0,0,0,0,1,1,1,0,4be612c0-3de6-414c-86ac-67413894ffd1
1f7bcb1f-471c-5c20-866b-3fddccdb210c,cread,Cypher,146.9,7,14,5,81.2,83.4,14.3,2,3,Wingman's Demons,0,0,0,0,1,0,1,0,4be612c0-3de6-414c-86ac-67413894ffd1
b5a0f530-055d-5a88-8739-a16e43d50ba0,LukeShiftWaiker,Harbor,122.6,7,14,4,43.8,71.3,16.3,1,1,Wingman's Demons,0,0,0,0,0,0,1,0,4be612c0-3de6-414c-86ac-67413894ffd1
e80b4143-057a-5247-9dfb-ee5441726d8f,KRLord,Omen,174.4,8,14,5,50.0,115.6,15.6,0,1,Wingman's Demons,0,0,0,0,1,0,1,0,4be612c0-3de6-414c-86ac-67413894ffd1
981c14eb-f05d-5936-9a2f-b83bd879da04,W a f f l e,Viper,180.6,9,9,5,81.2,101.9,29.0,1,0,Easy As Pie,0,0,0,0,0,0,0,0,4be612c0-3de6-414c-86ac-67413894ffd1
c59618a0-eb70-5b55-9ada-630aae8b99f3,Opticss,Skye,156.7,9,9,8,81.2,102.4,28.6,0,0,Easy As Pie,0,0,0,0,1,0,0,0,4be612c0-3de6-414c-86ac-67413894ffd1
02a14456-4666-5b48-a1cd-15a0c2bb2e5d,TNL Divinity,Breach,143.7,10,23,11,67.9,107.3,11.1,3,8,Team Name Loading,0,0,0,0,1,0,0,0,33525bcc-6282-449f-abd8-f8bff8f7e801
2af8c465-fd90-504e-b0f8-25f56159eb9e,gkjfldjgdfljlkgj,Reyna,333.5,30,21,9,85.7,225.2,28.6,4,2,Team Name Loading,0,0,1,0,1,0,1,0,33525bcc-6282-449f-abd8-f8bff8f7e801
3d5fe44e-c54a-5d61-9a2e-c945a68a7fb1,adderall abuser,Killjoy,199.8,21,20,4,67.9,139.1,25.8,2,2,Munchers,0,0,1,0,1,0,2,0,33525bcc-6282-449f-abd8-f8bff8f7e801
7dc5b014-1956-5fcf-bd8a-5bdce7530577,WAGGY,Brimstone,215.5,21,21,10,92.9,127.8,16.9,1,2,Munchers,0,0,1,0,3,0,1,0,33525bcc-6282-449f-abd8-f8bff8f7e801
53695176-a33d-50da-adc8-61c7a2f72f24,SeanSwan,KAY/O,174.5,17,22,13,67.9,115.9,10.0,1,7,Munchers,0,0,0,0,0,0,0,0,33525bcc-6282-449f-abd8-f8bff8f7e801
b5771520-554f-5e7a-a583-7d4ee9739ae7,King Clutch,Skye,200.9,18,21,13,82.1,130.2,18.8,2,2,Munchers,0,0,0,0,2,0,1,0,33525bcc-6282-449f-abd8-f8bff8f7e801
f0c62929-ab9e-5aa9-905b-03e09cc0dd8a,TNL Strober,Omen,238.8,24,18,14,67.9,156.1,16.7,4,3,Team Name Loading,0,0,0,0,2,1,1,0,33525bcc-6282-449f-abd8-f8bff8f7e801
7a2d099f-bd0d-50be-83ec-29f466fe6fb8,TNL Cano,Cypher,137.6,14,22,8,78.6,84.6,14.3,3,0,Team Name Loading,1,0,1,0,0,0,2,0,33525bcc-6282-449f-abd8-f8bff8f7e801
622e8ac6-06a1-5740-bf67-05326ed4d4a9,Allora,Sova,281.9,28,16,9,78.6,183.3,27.6,1,0,Team Name Loading,0,0,0,0,3,1,0,0,33525bcc-6282-449f-abd8-f8bff8f7e801
dfc25b04-713a-5264-a2c4-c67d6e3b51f5,CChrisssp,Jett,249.5,23,22,8,75.0,161.4,24.4,7,2,Munchers,0,0,0,0,0,0,0,0,33525bcc-6282-449f-abd8-f8bff8f7e801
2af8c465-fd90-504e-b0f8-25f56159eb9e,gkjfldjgdfljlkgj,Jett,280.5,15,8,5,87.5,183.5,34.1,2,0,Team Name Loading,0,0,1,0,0,0,0,0,a57baa2c-48ba-4366-8ac5-ca24495b6b55
7a2d099f-bd0d-50be-83ec-29f466fe6fb8,TNL Cano,Cypher,105.4,6,10,3,68.8,81.9,21.7,0,1,Team Name Loading,0,0,0,0,0,0,0,0,a57baa2c-48ba-4366-8ac5-ca24495b6b55
f0c62929-ab9e-5aa9-905b-03e09cc0dd8a,TNL Strober,Omen,291.9,16,11,16,81.2,173.3,35.7,5,1,Team Name Loading,0,0,0,0,0,0,0,0,a57baa2c-48ba-4366-8ac5-ca24495b6b55
02a14456-4666-5b48-a1cd-15a0c2bb2e5d,TNL Divinity,Skye,298.9,17,7,7,87.5,174.0,12.7,3,2,Team Name Loading,0,0,0,0,0,0,0,0,a57baa2c-48ba-4366-8ac5-ca24495b6b55
3d5fe44e-c54a-5d61-9a2e-c945a68a7fb1,adderall abuser,Killjoy,192.1,10,14,2,68.8,123.4,23.2,0,2,Munchers,0,0,0,0,2,0,1,0,a57baa2c-48ba-4366-8ac5-ca24495b6b55
7dc5b014-1956-5fcf-bd8a-5bdce7530577,WAGGY,Omen,155.9,8,14,3,62.5,104.4,41.7,1,0,Munchers,0,0,0,0,4,0,0,0,a57baa2c-48ba-4366-8ac5-ca24495b6b55
53695176-a33d-50da-adc8-61c7a2f72f24,SeanSwan,KAY/O,139.2,7,15,3,62.5,93.2,6.2,0,2,Munchers,0,0,0,0,0,0,1,0,a57baa2c-48ba-4366-8ac5-ca24495b6b55
b5771520-554f-5e7a-a583-7d4ee9739ae7,King Clutch,Fade,112.8,6,15,3,50.0,69.1,17.4,1,5,Munchers,0,0,0,0,1,0,1,0,a57baa2c-48ba-4366-8ac5-ca24495b6b55
622e8ac6-06a1-5740-bf67-05326ed4d4a9,Allora,Sova,259.1,18,6,3,87.5,169.9,20.4,1,1,Team Name Loading,0,0,2,1,0,0,0,0,a57baa2c-48ba-4366-8ac5-ca24495b6b55
dfc25b04-713a-5264-a2c4-c67d6e3b51f5,CChrisssp,Jett,206.8,11,14,1,68.8,137.0,20.5,3,2,Munchers,0,0,0,0,0,0,1,0,a57baa2c-48ba-4366-8ac5-ca24495b6b55
3f2bcc5e-0028-52f3-9f1d-0848758c0a50,xyrenz,Raze,265.3,15,14,2,70.6,162.9,17.6,1,3,Wingman’s Demons,0,0,1,0,1,0,1,0,5a8e9b1e-ab50-4c87-83a2-c2e7e7f86d89
e80b4143-057a-5247-9dfb-ee5441726d8f,KRLord,Jett,229.2,12,16,4,70.6,134.6,12.3,3,4,Wingman’s Demons,0,0,1,0,2,0,0,0,5a8e9b1e-ab50-4c87-83a2-c2e7e7f86d89
0423eb8e-c38e-5623-a981-51c109f0b784,TylerStaria,Killjoy,268.9,16,14,5,94.1,174.9,14.9,3,1,Team Name Loading,0,0,2,0,0,0,0,0,5a8e9b1e-ab50-4c87-83a2-c2e7e7f86d89
b5a0f530-055d-5a88-8739-a16e43d50ba0,LukeShiftWaiker,Breach,169.9,10,17,4,70.6,104.1,26.7,2,2,Wingman’s Demons,0,0,0,0,1,0,0,0,5a8e9b1e-ab50-4c87-83a2-c2e7e7f86d89
1f7bcb1f-471c-5c20-866b-3fddccdb210c,cread,Cypher,201.9,11,15,3,76.5,128.4,12.7,0,2,Wingman’s Demons,0,0,0,0,1,0,0,0,5a8e9b1e-ab50-4c87-83a2-c2e7e7f86d89
04d06c89-00f8-5591-a2e0-a5780bf516ff,TNL Bubbaaah,Skye,191.8,11,12,14,76.5,114.2,17.2,1,0,Team Name Loading,0,0,1,1,0,0,0,0,5a8e9b1e-ab50-4c87-83a2-c2e7e7f86d89
f0c62929-ab9e-5aa9-905b-03e09cc0dd8a,TNL Strober,Omen,163.1,9,13,10,82.4,111.0,23.5,2,3,Team Name Loading,0,0,0,0,0,0,0,0,5a8e9b1e-ab50-4c87-83a2-c2e7e7f86d89
622e8ac6-06a1-5740-bf67-05326ed4d4a9,Allora,Sova,280.6,18,8,6,82.4,167.1,23.1,1,1,Team Name Loading,1,0,0,0,1,0,0,0,5a8e9b1e-ab50-4c87-83a2-c2e7e7f86d89
dfc25b04-713a-5264-a2c4-c67d6e3b51f5,CChrisssp,Omen,155.6,8,13,9,82.4,112.5,22.2,0,0,Wingman’s Demons,0,0,2,0,2,0,0,0,5a8e9b1e-ab50-4c87-83a2-c2e7e7f86d89
02a14456-4666-5b48-a1cd-15a0c2bb2e5d,TNL Divinity,Reyna,322.6,21,10,5,88.2,183.2,11.0,4,1,Team Name Loading,0,0,0,0,0,0,1,0,5a8e9b1e-ab50-4c87-83a2-c2e7e7f86d89
dfc25b04-713a-5264-a2c4-c67d6e3b51f5,CChrisssp,Astra,211.1,9,12,2,42.9,132.6,21.2,1,2,Wingman’s Demons,0,0,2,0,0,0,0,0,b2ad1b34-5d92-498b-a6f6-7ee991bd785b
02a14456-4666-5b48-a1cd-15a0c2bb2e5d,TNL Divinity,Breach,310.9,17,5,7,85.7,187.8,15.8,2,1,Team Name Loading,0,0,0,0,0,0,0,0,b2ad1b34-5d92-498b-a6f6-7ee991bd785b
04d06c89-00f8-5591-a2e0-a5780bf516ff,TNL Bubbaaah,Killjoy,90.6,5,4,0,85.7,66.6,12.5,0,0,Team Name Loading,0,0,1,1,0,0,0,0,b2ad1b34-5d92-498b-a6f6-7ee991bd785b
0423eb8e-c38e-5623-a981-51c109f0b784,TylerStaria,Jett,256.6,12,11,5,85.7,166.0,25.0,2,1,Team Name Loading,0,0,0,0,1,0,0,0,b2ad1b34-5d92-498b-a6f6-7ee991bd785b
622e8ac6-06a1-5740-bf67-05326ed4d4a9,Allora,Sova,238.0,13,5,5,85.7,162.9,30.3,1,1,Team Name Loading,0,0,0,0,0,0,0,0,b2ad1b34-5d92-498b-a6f6-7ee991bd785b
1f7bcb1f-471c-5c20-866b-3fddccdb210c,cread,Cypher,193.2,9,11,5,78.6,116.9,17.1,0,1,Wingman’s Demons,0,0,0,0,0,0,1,0,b2ad1b34-5d92-498b-a6f6-7ee991bd785b
3f2bcc5e-0028-52f3-9f1d-0848758c0a50,xyrenz,Jett,169.1,6,12,3,50.0,111.3,24.0,3,3,Wingman’s Demons,0,1,0,0,1,0,3,0,b2ad1b34-5d92-498b-a6f6-7ee991bd785b
e80b4143-057a-5247-9dfb-ee5441726d8f,KRLord,Gekko,181.2,7,13,6,57.1,101.6,9.3,1,1,Wingman’s Demons,1,0,1,0,1,0,0,0,b2ad1b34-5d92-498b-a6f6-7ee991bd785b
f0c62929-ab9e-5aa9-905b-03e09cc0dd8a,TNL Strober,Omen,318.6,15,10,10,85.7,202.1,30.4,4,2,Team Name Loading,0,0,0,0,0,0,0,0,b2ad1b34-5d92-498b-a6f6-7ee991bd785b
b5a0f530-055d-5a88-8739-a16e43d50ba0,LukeShiftWaiker,Breach,88.3,4,14,0,28.6,52.6,3.4,0,2,Wingman’s Demons,0,0,0,0,1,0,0,0,b2ad1b34-5d92-498b-a6f6-7ee991bd785b
1b8177ea-1179-556c-b7ad-52ce282f5a34,Hideki,Sova,116.4,6,16,4,52.9,83.3,19.4,3,1,Queens,0,0,1,0,0,0,1,0,5cf8da29-254f-4733-bafd-4c56476f7820
3dab4bdd-3e9a-5f33-a9d0-77f692ca6bb9,anzin,Killjoy,204.6,10,17,1,41.2,127.1,28.6,1,0,Queens,0,0,0,0,0,0,4,0,5cf8da29-254f-4733-bafd-4c56476f7820
21afa283-0809-5745-ada3-c39260babd82,phantom,Omen,144.9,9,14,7,76.5,97.4,50.0,1,1,Queens,0,0,2,1,2,0,2,0,5cf8da29-254f-4733-bafd-4c56476f7820
f14fe404-8338-5fb8-971f-819845e4fb70,TNL Devil,Jett,313.7,18,11,3,76.5,197.8,20.0,7,3,Team Name Loading,0,0,0,0,0,0,0,0,5cf8da29-254f-4733-bafd-4c56476f7820
04d06c89-00f8-5591-a2e0-a5780bf516ff,TNL Bubbaaah,Killjoy,110.7,6,10,2,82.4,77.1,15.2,1,2,Team Name Loading,0,0,0,0,0,0,0,0,5cf8da29-254f-4733-bafd-4c56476f7820
02a14456-4666-5b48-a1cd-15a0c2bb2e5d,TNL Divinity,Omen,233.4,14,10,14,88.2,138.5,7.8,0,2,Team Name Loading,0,0,0,0,0,0,0,0,5cf8da29-254f-4733-bafd-4c56476f7820
e269ab9f-2aae-5aab-8ab3-d9666d36b5cc,TNL Yoanks28,KAY/O,285.8,19,8,14,94.1,173.7,25.5,0,1,Team Name Loading,0,0,1,0,1,0,0,0,5cf8da29-254f-4733-bafd-4c56476f7820
649da68a-23b4-5b35-adc0-60165372e73e,CookieMonster262,KAY/O,145.2,8,16,3,47.1,91.2,14.0,2,2,Queens,1,0,1,0,0,0,0,0,5cf8da29-254f-4733-bafd-4c56476f7820
b89a9e85-2f0a-55e3-a11f-a18a718b5b6c,anchans,Jett,173.8,11,15,1,58.8,110.9,7.0,1,5,Queens,0,2,0,0,0,0,0,0,5cf8da29-254f-4733-bafd-4c56476f7820
7450b617-f493-51a6-ab80-78a7e4ea43cf,TNL wzrd,Sova,331.8,21,5,7,100.0,221.8,27.8,1,0,Team Name Loading,0,0,1,0,0,0,0,0,5cf8da29-254f-4733-bafd-4c56476f7820
1b8177ea-1179-556c-b7ad-52ce282f5a34,Hideki,Raze,232.5,16,20,11,77.3,149.1,10.1,3,1,Queens,0,0,0,0,0,0,0,0,254987b1-7f5f-4a73-8984-5ab569a1cbf5
3dab4bdd-3e9a-5f33-a9d0-77f692ca6bb9,anzin,Phoenix,168.2,13,15,7,72.7,111.5,11.7,0,2,Queens,0,0,0,0,0,0,1,0,254987b1-7f5f-4a73-8984-5ab569a1cbf5
649da68a-23b4-5b35-adc0-60165372e73e,CookieMonster262,Yoru,153.0,12,18,4,54.5,110.3,25.0,5,3,Queens,0,0,0,0,0,0,0,0,254987b1-7f5f-4a73-8984-5ab569a1cbf5
04d06c89-00f8-5591-a2e0-a5780bf516ff,TNL Bubbaaah,Killjoy,167.0,14,15,6,72.7,108.5,14.5,1,4,Team Name Loading,0,0,1,0,0,0,1,0,254987b1-7f5f-4a73-8984-5ab569a1cbf5
f14fe404-8338-5fb8-971f-819845e4fb70,TNL Devil,Jett,158.7,12,15,5,68.2,114.7,14.3,3,5,Team Name Loading,0,4,0,0,0,0,0,0,254987b1-7f5f-4a73-8984-5ab569a1cbf5
02a14456-4666-5b48-a1cd-15a0c2bb2e5d,TNL Divinity,Omen,358.0,27,15,8,86.4,227.7,14.8,2,1,Team Name Loading,1,0,1,1,2,1,0,0,254987b1-7f5f-4a73-8984-5ab569a1cbf5
21afa283-0809-5745-ada3-c39260babd82,phantom,Jett,245.2,22,14,3,77.3,159.4,26.3,5,1,Queens,2,1,2,1,1,0,1,0,254987b1-7f5f-4a73-8984-5ab569a1cbf5
b89a9e85-2f0a-55e3-a11f-a18a718b5b6c,anchans,Reyna,168.6,13,13,5,63.6,117.9,21.4,1,1,Queens,0,0,1,0,2,0,1,0,254987b1-7f5f-4a73-8984-5ab569a1cbf5
7450b617-f493-51a6-ab80-78a7e4ea43cf,TNL wzrd,Sova,231.6,18,14,7,81.8,167.3,18.5,1,1,Team Name Loading,0,0,2,0,1,0,0,0,254987b1-7f5f-4a73-8984-5ab569a1cbf5
e269ab9f-2aae-5aab-8ab3-d9666d36b5cc,TNL Yoanks28,Breach,137.5,9,17,7,81.8,87.0,16.7,1,3,Team Name Loading,0,0,0,0,0,0,0,0,254987b1-7f5f-4a73-8984-5ab569a1cbf5
f14fe404-8338-5fb8-971f-819845e4fb70,TNL Devil,Raze,308.9,19,11,7,84.2,233.9,21.7,4,3,Team Name Loading,0,0,1,0,1,0,0,0,91397363-e958-4c77-8e87-7750ddc2c160
93162762-7873-5a2c-97fe-f5ef24005bd9,El Diâblo,Chamber,232.4,14,15,4,63.2,151.8,23.2,4,0,Chickens,0,0,0,0,0,0,2,0,91397363-e958-4c77-8e87-7750ddc2c160
e2bbe15a-da03-583f-8f2b-0bf263c0964c,Vani,Skye,141.7,8,17,11,63.2,102.1,29.0,1,3,Chickens,0,0,0,0,0,0,1,0,91397363-e958-4c77-8e87-7750ddc2c160
6bd33386-5600-5eeb-9765-ed9e23c80b18,StinkyRaven468,Sage,131.3,7,16,2,47.4,89.8,16.7,1,3,Chickens,0,0,0,0,0,0,0,0,91397363-e958-4c77-8e87-7750ddc2c160
b59bd5d6-51be-597a-aec7-bb38171c45c7,Enaz,Viper,150.8,12,13,1,57.9,96.3,22.0,0,0,Chickens,1,0,2,0,1,0,0,0,91397363-e958-4c77-8e87-7750ddc2c160
02a14456-4666-5b48-a1cd-15a0c2bb2e5d,TNL Divinity,Brimstone,274.7,20,11,5,78.9,175.1,22.1,2,2,Team Name Loading,0,0,1,0,0,0,1,0,91397363-e958-4c77-8e87-7750ddc2c160
7450b617-f493-51a6-ab80-78a7e4ea43cf,TNL wzrd,Viper,255.9,17,9,4,84.2,148.9,24.4,3,4,Team Name Loading,0,0,0,0,1,1,0,0,91397363-e958-4c77-8e87-7750ddc2c160
e269ab9f-2aae-5aab-8ab3-d9666d36b5cc,TNL Yoanks28,Skye,167.9,11,11,10,78.9,104.4,14.0,0,0,Team Name Loading,0,0,0,0,0,0,0,0,91397363-e958-4c77-8e87-7750ddc2c160
04d06c89-00f8-5591-a2e0-a5780bf516ff,TNL Bubbaaah,Sage,176.6,12,14,4,73.7,120.4,7.0,0,1,Team Name Loading,0,0,0,0,1,0,0,0,91397363-e958-4c77-8e87-7750ddc2c160
5ca0f8b4-fece-5a46-8467-fda5c12e0db4,gunnar,Raze,228.7,15,18,3,63.2,151.9,15.8,4,3,Chickens,0,0,1,0,1,0,0,0,91397363-e958-4c77-8e87-7750ddc2c160
b59bd5d6-51be-597a-aec7-bb38171c45c7,Enaz,KAY/O,133.6,6,17,4,61.1,88.4,15.2,2,0,Team Name Loading,0,0,1,0,0,0,2,0,3b0178af-90ba-4bde-b8ac-628196b456e0
e2bbe15a-da03-583f-8f2b-0bf263c0964c,Vani,Jett,211.4,13,15,1,38.9,129.3,53.8,1,2,Team Name Loading,0,0,0,0,1,0,1,0,3b0178af-90ba-4bde-b8ac-628196b456e0
f14fe404-8338-5fb8-971f-819845e4fb70,TNL Devil,Jett,242.3,15,8,5,94.4,156.7,12.1,4,1,Chickens,0,0,1,0,0,0,0,0,3b0178af-90ba-4bde-b8ac-628196b456e0
e269ab9f-2aae-5aab-8ab3-d9666d36b5cc,TNL Yoanks28,Astra,164.3,11,8,5,77.8,113.9,23.8,2,3,Chickens,0,0,0,0,1,0,0,0,3b0178af-90ba-4bde-b8ac-628196b456e0
02a14456-4666-5b48-a1cd-15a0c2bb2e5d,TNL Divinity,Viper,342.1,23,8,3,88.9,195.9,12.9,4,1,Chickens,0,0,0,0,0,0,0,0,3b0178af-90ba-4bde-b8ac-628196b456e0
04d06c89-00f8-5591-a2e0-a5780bf516ff,TNL Bubbaaah,Killjoy,98.1,5,12,2,88.9,69.1,5.3,0,0,Chickens,0,0,1,0,2,0,0,0,3b0178af-90ba-4bde-b8ac-628196b456e0
93162762-7873-5a2c-97fe-f5ef24005bd9,El Diâblo,Viper,90.4,6,14,3,33.3,61.6,50.0,0,7,Team Name Loading,1,0,0,0,0,0,1,0,3b0178af-90ba-4bde-b8ac-628196b456e0
6bd33386-5600-5eeb-9765-ed9e23c80b18,StinkyRaven468,Cypher,181.9,11,17,1,61.1,116.2,24.4,2,1,Team Name Loading,0,0,0,0,0,0,0,0,3b0178af-90ba-4bde-b8ac-628196b456e0
5ca0f8b4-fece-5a46-8467-fda5c12e0db4,gunnar,Astra,128.8,6,14,6,55.6,87.1,22.6,1,2,Team Name Loading,0,0,1,0,0,0,1,0,3b0178af-90ba-4bde-b8ac-628196b456e0
7450b617-f493-51a6-ab80-78a7e4ea43cf,TNL wzrd,Skye,344.3,23,6,5,88.9,233.3,37.3,2,1,Chickens,0,0,0,0,0,0,0,0,3b0178af-90ba-4bde-b8ac-628196b456e0
003ea5d1-1a69-5962-b02a-b50df858bed9,Pablo,Cypher,227.4,18,15,6,78.3,157.2,16.9,2,3,Insert Team Name,0,0,1,0,1,0,1,0,73e30d3c-e567-4a96-a307-6158374b4d53
87ccdc18-9e37-5453-84eb-91bcb3033029,Kambam0427,Omen,110.6,8,18,6,60.9,93.9,31.0,0,0,Insert Team Name,0,0,1,0,1,0,0,0,73e30d3c-e567-4a96-a307-6158374b4d53
e269ab9f-2aae-5aab-8ab3-d9666d36b5cc,TNL Yoanks28,KAY/O,167.4,12,20,12,73.9,112.6,18.4,1,3,Team Name Loading,0,0,0,0,0,0,0,0,73e30d3c-e567-4a96-a307-6158374b4d53
02a14456-4666-5b48-a1cd-15a0c2bb2e5d,TNL Divinity,Omen,263.1,20,16,9,73.9,176.0,11.2,4,2,Team Name Loading,0,0,1,0,0,0,1,0,73e30d3c-e567-4a96-a307-6158374b4d53
04d06c89-00f8-5591-a2e0-a5780bf516ff,TNL Bubbaaah,Killjoy,254.5,23,14,3,78.3,156.0,13.3,1,0,Team Name Loading,0,1,2,1,2,0,1,0,73e30d3c-e567-4a96-a307-6158374b4d53
7450b617-f493-51a6-ab80-78a7e4ea43cf,Neeks,Sova,247.7,21,15,8,73.9,158.8,26.0,1,1,Team Name Loading,0,0,0,0,0,0,1,0,73e30d3c-e567-4a96-a307-6158374b4d53
5d54b83f-defa-51e1-8e92-fc2a404a18de,Frost,Phoenix,208.0,17,17,6,91.3,130.1,18.9,3,3,Insert Team Name,0,0,0,0,2,0,1,0,73e30d3c-e567-4a96-a307-6158374b4d53
2abf3555-a5c7-531b-bb80-ad8fd564e9d9,Avian,Breach,138.7,12,19,9,69.6,76.6,18.8,1,0,Insert Team Name,0,0,0,0,1,0,1,0,73e30d3c-e567-4a96-a307-6158374b4d53
3227736f-09f9-5d7d-a86b-bfdf11542bda,PixelByte,Reyna,365.0,31,17,4,73.9,240.0,20.7,7,4,Insert Team Name,0,0,1,1,1,0,1,0,73e30d3c-e567-4a96-a307-6158374b4d53
f14fe404-8338-5fb8-971f-819845e4fb70,TNL Devil,Jett,154.0,10,21,10,73.9,110.9,11.8,3,7,Team Name Loading,0,2,1,0,0,0,0,0,73e30d3c-e567-4a96-a307-6158374b4d53
87ccdc18-9e37-5453-84eb-91bcb3033029,Kambam0427,Gekko,203.7,13,20,4,52.4,140.5,24.5,2,5,Insert Team Name,0,0,1,0,0,0,0,0,ab5e6094-6a34-4c7c-9484-20144cbcab2a
3227736f-09f9-5d7d-a86b-bfdf11542bda,PixelByte,Reyna,230.8,15,19,3,61.9,162.9,17.0,2,0,Insert Team Name,0,0,0,0,0,0,0,0,ab5e6094-6a34-4c7c-9484-20144cbcab2a
7450b617-f493-51a6-ab80-78a7e4ea43cf,Neeks,Harbor,306.7,25,11,6,85.7,225.4,37.1,1,1,Team Name Loading,0,2,2,2,0,0,0,0,ab5e6094-6a34-4c7c-9484-20144cbcab2a
02a14456-4666-5b48-a1cd-15a0c2bb2e5d,TNL Divinity,Viper,308.8,24,12,8,85.7,209.3,18.4,2,2,Team Name Loading,0,0,0,0,0,0,1,0,ab5e6094-6a34-4c7c-9484-20144cbcab2a
04d06c89-00f8-5591-a2e0-a5780bf516ff,TNL Bubbaaah,Killjoy,176.0,12,15,5,81.0,124.3,13.3,0,2,Team Name Loading,0,0,0,0,0,0,1,0,ab5e6094-6a34-4c7c-9484-20144cbcab2a
5d54b83f-defa-51e1-8e92-fc2a404a18de,Frost,Sage,165.2,12,18,4,66.7,119.3,27.3,2,2,Insert Team Name,1,0,2,2,2,0,1,0,ab5e6094-6a34-4c7c-9484-20144cbcab2a
2abf3555-a5c7-531b-bb80-ad8fd564e9d9,Avian,Neon,114.8,8,19,4,57.1,67.4,14.5,2,3,Insert Team Name,4,0,1,0,0,0,0,0,ab5e6094-6a34-4c7c-9484-20144cbcab2a
003ea5d1-1a69-5962-b02a-b50df858bed9,Pablo,Cypher,203.8,16,17,2,61.9,138.7,18.5,1,2,Insert Team Name,0,0,1,1,2,0,1,0,ab5e6094-6a34-4c7c-9484-20144cbcab2a
f14fe404-8338-5fb8-971f-819845e4fb70,TNL Devil,Jett,319.7,22,13,4,85.7,199.3,14.9,7,2,Team Name Loading,0,2,0,0,0,0,1,0,ab5e6094-6a34-4c7c-9484-20144cbcab2a
e269ab9f-2aae-5aab-8ab3-d9666d36b5cc,TNL Yoanks28,Skye,145.4,10,13,13,85.7,88.8,27.8,2,2,Team Name Loading,0,0,1,0,0,0,1,0,ab5e6094-6a34-4c7c-9484-20144cbcab2a
22276eb0-e1ec-5702-80f3-9985577d4e82,AnimateDragon,Sova,341.2,20,13,1,75.0,213.2,29.5,0,1,Alpha Threat,1,0,1,0,2,0,0,0,ccdadffd-2baa-4079-822f-dd05bfff1908
528978f5-f331-5b6c-a417-1e4ad72ef279,HyTyde,Reyna,129.5,5,16,4,43.8,85.9,24.1,2,7,Alpha Threat,0,0,0,0,0,0,0,0,ccdadffd-2baa-4079-822f-dd05bfff1908
7450b617-f493-51a6-ab80-78a7e4ea43cf,Neeks,Sova,304.8,18,8,4,87.5,181.3,34.0,2,0,Team Name Loading,0,0,1,1,1,0,1,1,ccdadffd-2baa-4079-822f-dd05bfff1908
02a14456-4666-5b48-a1cd-15a0c2bb2e5d,hermosa,Viper,312.1,18,9,3,81.2,196.6,20.8,4,1,Team Name Loading,0,0,0,0,0,0,0,0,ccdadffd-2baa-4079-822f-dd05bfff1908
49a7d364-562c-5fce-86e9-9969a0ac8730,aT Kyshin,Jett,186.3,8,15,1,62.5,129.1,21.2,1,1,Alpha Threat,0,0,0,0,0,0,0,0,ccdadffd-2baa-4079-822f-dd05bfff1908
c2ea8262-c9c9-5de1-be65-74cb7e3bcfbf,JMS Pollux,Sage,113.6,6,15,4,43.8,82.2,26.3,0,3,Alpha Threat,0,0,0,0,1,0,0,0,ccdadffd-2baa-4079-822f-dd05bfff1908
04d06c89-00f8-5591-a2e0-a5780bf516ff,Bubbaaah,Killjoy,199.1,13,9,2,87.5,127.2,18.6,2,0,Team Name Loading,0,0,0,0,0,0,0,0,ccdadffd-2baa-4079-822f-dd05bfff1908
9a175e66-f068-58a9-945b-bbd0119624af,Agile Haste,Sage,138.2,8,10,5,81.2,78.6,14.3,1,1,Team Name Loading,0,0,1,0,0,0,0,0,ccdadffd-2baa-4079-822f-dd05bfff1908
f14fe404-8338-5fb8-971f-819845e4fb70,TNL Devil,Jett,261.4,15,10,2,93.8,168.2,12.1,4,1,Team Name Loading,0,0,0,0,0,0,0,0,ccdadffd-2baa-4079-822f-dd05bfff1908
05ff3ccc-227f-56f0-ab05-4c36536ccb90,Prophesie,Viper,131.1,7,13,2,62.5,81.8,25.0,0,1,Alpha Threat,0,0,1,0,0,0,3,0,ccdadffd-2baa-4079-822f-dd05bfff1908
f14fe404-8338-5fb8-971f-819845e4fb70,TNL Devil,Jett,328.4,22,13,3,100.0,190.6,15.8,6,2,Team Name Loading,0,3,1,0,0,0,1,0,68fdf5cd-20ec-4c1c-ac7b-c5f17784095c
02a14456-4666-5b48-a1cd-15a0c2bb2e5d,hermosa,Breach,286.8,18,9,8,88.9,191.9,22.1,0,1,Team Name Loading,0,0,1,0,1,0,1,0,68fdf5cd-20ec-4c1c-ac7b-c5f17784095c
7450b617-f493-51a6-ab80-78a7e4ea43cf,Neeks,Sova,162.0,9,10,8,77.8,107.8,19.0,3,1,Team Name Loading,0,0,0,0,0,0,0,0,68fdf5cd-20ec-4c1c-ac7b-c5f17784095c
528978f5-f331-5b6c-a417-1e4ad72ef279,HyTyde,Killjoy,159.3,8,16,2,44.4,109.7,16.2,5,1,Alpha Threat,1,0,0,0,0,0,3,0,68fdf5cd-20ec-4c1c-ac7b-c5f17784095c
8c0a6dfd-e10c-5abc-a301-8410271fadd5,ItsJustRJ,Brimstone,144.1,7,15,3,44.4,97.4,17.6,1,2,Alpha Threat,0,0,0,0,1,0,0,0,68fdf5cd-20ec-4c1c-ac7b-c5f17784095c
05ff3ccc-227f-56f0-ab05-4c36536ccb90,Prophesie,Yoru,175.7,10,14,8,55.6,123.4,17.4,0,5,Alpha Threat,0,0,2,0,0,0,2,0,68fdf5cd-20ec-4c1c-ac7b-c5f17784095c
49a7d364-562c-5fce-86e9-9969a0ac8730,aT Kyshin,Jett,107.0,8,17,1,55.6,67.5,35.3,0,2,Alpha Threat,0,0,0,0,0,0,2,0,68fdf5cd-20ec-4c1c-ac7b-c5f17784095c
9a175e66-f068-58a9-945b-bbd0119624af,Agile Haste,Omen,175.3,10,9,10,77.8,111.6,36.4,1,2,Team Name Loading,0,0,0,0,0,0,0,0,68fdf5cd-20ec-4c1c-ac7b-c5f17784095c
04d06c89-00f8-5591-a2e0-a5780bf516ff,Bubbaaah,Killjoy,225.7,18,10,4,77.8,133.1,13.8,1,1,Team Name Loading,0,0,0,0,0,0,0,0,68fdf5cd-20ec-4c1c-ac7b-c5f17784095c
22276eb0-e1ec-5702-80f3-9985577d4e82,AnimateDragon,KAY/O,261.1,18,15,2,66.7,147.6,14.0,1,1,Alpha Threat,0,0,1,0,0,0,1,0,68fdf5cd-20ec-4c1c-ac7b-c5f17784095c
02a14456-4666-5b48-a1cd-15a0c2bb2e5d,hermosa,Viper,263.0,16,14,4,83.3,164.8,12.1,1,4,Team Name Loading,0,0,0,0,0,0,0,0,beecdfab-a5e9-4873-8ccf-6af5891611d8
371487da-72ae-54ee-9e17-30e44420880a,Krispyy,Jett,279.3,16,14,5,61.1,187.6,20.3,4,5,Killer Instinct Gaming,0,0,0,0,0,0,0,0,beecdfab-a5e9-4873-8ccf-6af5891611d8
60b7dcb4-d3f0-5566-92ed-e54637417fb9,KIG NOIR,Sage,161.3,9,16,5,55.6,107.6,13.3,0,2,Killer Instinct Gaming,0,0,0,0,1,0,0,0,beecdfab-a5e9-4873-8ccf-6af5891611d8
04d06c89-00f8-5591-a2e0-a5780bf516ff,Bubbaaah,Killjoy,181.7,12,12,1,72.2,115.7,19.0,1,1,Team Name Loading,0,0,2,1,0,0,0,0,beecdfab-a5e9-4873-8ccf-6af5891611d8
f14fe404-8338-5fb8-971f-819845e4fb70,Devil,Jett,362.3,22,9,7,83.3,226.9,13.3,7,1,Team Name Loading,0,2,1,0,0,0,0,0,beecdfab-a5e9-4873-8ccf-6af5891611d8
9a175e66-f068-58a9-945b-bbd0119624af,Agile Haste,Sage,134.9,8,11,8,77.8,84.5,8.1,0,1,Team Name Loading,0,0,1,0,1,1,0,0,beecdfab-a5e9-4873-8ccf-6af5891611d8
7450b617-f493-51a6-ab80-78a7e4ea43cf,Neeks,Sova,277.9,19,11,9,94.4,190.4,35.4,1,1,Team Name Loading,0,0,0,0,0,0,1,0,beecdfab-a5e9-4873-8ccf-6af5891611d8
5ce65c80-3d80-572f-8c60-0757bb9103b1,le baleb,KAY/O,246.9,15,17,6,66.7,150.7,10.0,3,1,Killer Instinct Gaming,0,0,0,0,2,0,0,0,beecdfab-a5e9-4873-8ccf-6af5891611d8
21f35e3f-136d-5c53-9332-cf95d35aea3e,KIG sutterismine,Viper,212.8,12,15,6,61.1,129.6,10.2,1,1,Killer Instinct Gaming,0,0,2,0,1,0,2,0,beecdfab-a5e9-4873-8ccf-6af5891611d8
4e29090e-b562-5b03-b101-1035f784506c,KIG Nickski,Sova,87.2,5,15,2,38.9,57.8,22.2,0,1,Killer Instinct Gaming,0,0,0,0,1,0,1,0,beecdfab-a5e9-4873-8ccf-6af5891611d8
21f35e3f-136d-5c53-9332-cf95d35aea3e,KIG sutterismine,Omen,172.0,14,14,2,66.7,104.1,28.2,2,0,Killer Instinct Gaming,0,0,1,0,2,0,0,0,6c9c699c-4a42-477d-87c1-41bf735531c4
4e29090e-b562-5b03-b101-1035f784506c,KIG Nickski,Sova,95.3,6,16,3,47.6,56.1,14.8,0,0,Killer Instinct Gaming,0,0,1,0,1,0,1,0,6c9c699c-4a42-477d-87c1-41bf735531c4
371487da-72ae-54ee-9e17-30e44420880a,Krispyy,Jett,339.4,23,18,5,66.7,209.0,23.6,6,2,Killer Instinct Gaming,4,6,0,0,0,0,0,0,6c9c699c-4a42-477d-87c1-41bf735531c4
7450b617-f493-51a6-ab80-78a7e4ea43cf,Neeks,Sova,320.6,20,13,11,90.5,201.9,35.7,1,2,Team Name Loading,0,0,1,0,2,1,0,0,6c9c699c-4a42-477d-87c1-41bf735531c4
9a175e66-f068-58a9-945b-bbd0119624af,Agile Haste,Omen,221.9,19,10,9,85.7,136.1,16.7,0,0,Team Name Loading,0,0,1,1,3,0,1,0,6c9c699c-4a42-477d-87c1-41bf735531c4
5ce65c80-3d80-572f-8c60-0757bb9103b1,le baleb,Raze,196.0,14,16,3,57.1,137.7,20.4,2,2,Killer Instinct Gaming,0,0,0,0,1,0,0,0,6c9c699c-4a42-477d-87c1-41bf735531c4
60b7dcb4-d3f0-5566-92ed-e54637417fb9,KIG NOIR,KAY/O,165.5,10,19,9,90.5,114.4,11.7,3,4,Killer Instinct Gaming,0,0,0,0,2,0,0,0,6c9c699c-4a42-477d-87c1-41bf735531c4
02a14456-4666-5b48-a1cd-15a0c2bb2e5d,hermosa,Killjoy,308.4,22,14,6,71.4,196.8,12.4,2,2,Team Name Loading,0,0,0,0,0,0,0,0,6c9c699c-4a42-477d-87c1-41bf735531c4
f14fe404-8338-5fb8-971f-819845e4fb70,Devil,Jett,167.0,14,16,2,81.0,87.0,14.0,4,4,Team Name Loading,1,2,1,0,0,0,1,0,6c9c699c-4a42-477d-87c1-41bf735531c4
04d06c89-00f8-5591-a2e0-a5780bf516ff,Bubbaaah,Breach,103.0,8,14,5,66.7,63.3,9.1,1,5,Team Name Loading,0,0,0,0,0,0,0,0,6c9c699c-4a42-477d-87c1-41bf735531c4
5ce65c80-3d80-572f-8c60-0757bb9103b1,le baleb,Sova,286.0,26,15,11,80.8,179.8,17.6,3,1,Killer Instinct Gaming,0,0,1,0,1,0,1,0,3b395153-5336-4cd1-9136-16cffa2a0531
60b7dcb4-d3f0-5566-92ed-e54637417fb9,KIG NOIR,Omen,183.4,17,16,17,73.1,105.0,14.3,4,3,Killer Instinct Gaming,0,0,0,0,1,0,1,0,3b395153-5336-4cd1-9136-16cffa2a0531
02a14456-4666-5b48-a1cd-15a0c2bb2e5d,hermosa,Killjoy,210.8,18,16,7,76.9,144.6,11.2,2,2,Team Name Loading,0,0,1,0,0,0,2,0,3b395153-5336-4cd1-9136-16cffa2a0531
f14fe404-8338-5fb8-971f-819845e4fb70,Devil,Jett,155.6,14,21,4,65.4,97.4,5.6,4,7,Team Name Loading,0,1,0,0,0,0,0,0,3b395153-5336-4cd1-9136-16cffa2a0531
4e29090e-b562-5b03-b101-1035f784506c,KIG Nickski,Breach,98.6,9,22,7,53.8,76.4,29.0,1,1,Killer Instinct Gaming,0,0,0,0,0,0,0,0,3b395153-5336-4cd1-9136-16cffa2a0531
21f35e3f-136d-5c53-9332-cf95d35aea3e,KIG sutterismine,Killjoy,206.5,18,16,5,80.8,124.2,17.7,1,3,Killer Instinct Gaming,0,0,0,0,1,0,2,0,3b395153-5336-4cd1-9136-16cffa2a0531
371487da-72ae-54ee-9e17-30e44420880a,Krispyy,Gekko,264.2,23,20,10,65.4,163.6,13.5,6,3,Killer Instinct Gaming,5,5,1,0,0,0,1,0,3b395153-5336-4cd1-9136-16cffa2a0531
04d06c89-00f8-5591-a2e0-a5780bf516ff,Bubbaaah,KAY/O,205.9,18,19,11,65.4,135.2,16.7,0,4,Team Name Loading,0,0,0,0,0,0,1,0,3b395153-5336-4cd1-9136-16cffa2a0531
9a175e66-f068-58a9-945b-bbd0119624af,Agile Haste,Omen,168.1,16,20,7,57.7,105.3,31.2,1,1,Team Name Loading,0,0,2,0,1,0,4,0,3b395153-5336-4cd1-9136-16cffa2a0531
7450b617-f493-51a6-ab80-78a7e4ea43cf,Neeks,Sova,270.5,23,17,9,80.8,170.6,37.5,4,1,Team Name Loading,0,2,1,0,0,0,1,0,3b395153-5336-4cd1-9136-16cffa2a0531
6e0172a2-57ec-5978-8992-1f30be9f290d,XPL JuneBug,Skye,129.4,8,18,11,65.0,79.1,21.9,2,7,Explicit,0,0,0,0,0,0,1,0,322f5947-10bc-4cdb-91d5-85b04ef0e9f7
6f7b1054-72f3-5b45-8167-7577c22d93b7,XPL Imperius,Killjoy,148.4,11,14,2,75.0,109.7,18.9,0,2,Explicit,0,0,1,0,1,0,1,0,322f5947-10bc-4cdb-91d5-85b04ef0e9f7
6ad91293-ed9c-5d88-8bea-4f6e37d2c6a3,XPL Nick2K,Jett,154.2,10,17,3,55.0,92.6,26.5,0,2,Explicit,0,0,1,0,1,0,0,0,322f5947-10bc-4cdb-91d5-85b04ef0e9f7
7450b617-f493-51a6-ab80-78a7e4ea43cf,TNL wzrd,Jett,440.0,30,16,2,80.0,267.0,41.9,11,3,Team Name Loading,0,3,1,0,0,0,1,0,322f5947-10bc-4cdb-91d5-85b04ef0e9f7
7a2d099f-bd0d-50be-83ec-29f466fe6fb8,TNL Cano,Cypher,115.3,8,10,4,85.0,83.0,5.4,0,0,Team Name Loading,3,0,0,0,0,0,0,0,322f5947-10bc-4cdb-91d5-85b04ef0e9f7
0423eb8e-c38e-5623-a981-51c109f0b784,TylerStaria,Sova,196.7,15,13,1,80.0,130.2,27.3,2,0,Team Name Loading,0,0,0,0,0,0,0,0,322f5947-10bc-4cdb-91d5-85b04ef0e9f7
f0b9c6ff-47f4-5925-992b-0a8a7e7058e5,XPL XEclipseTV,Viper,214.8,14,16,4,75.0,151.4,14.5,1,2,Explicit,0,0,0,0,0,0,0,0,322f5947-10bc-4cdb-91d5-85b04ef0e9f7
622e8ac6-06a1-5740-bf67-05326ed4d4a9,Allora,Breach,196.7,12,9,13,70.0,143.0,16.4,1,0,Team Name Loading,0,0,1,0,0,0,0,0,322f5947-10bc-4cdb-91d5-85b04ef0e9f7
f0c62929-ab9e-5aa9-905b-03e09cc0dd8a,TNL Strober,Omen,189.8,13,13,7,90.0,130.4,25.5,2,1,Team Name Loading,0,0,1,0,2,0,0,0,322f5947-10bc-4cdb-91d5-85b04ef0e9f7
080a01dd-14dc-5490-9dd3-933e316f87b9,XPL HoodieAlexTv,Astra,253.3,18,13,3,60.0,163.7,34.1,1,3,Explicit,0,0,0,0,2,0,0,0,322f5947-10bc-4cdb-91d5-85b04ef0e9f7
7450b617-f493-51a6-ab80-78a7e4ea43cf,TNL wzrd,Neon,323.7,29,14,2,83.3,191.6,22.9,6,1,Team Name Loading,0,0,2,0,0,0,0,0,8cb71295-38f3-417e-acc7-fc32889aeccb
f0b9c6ff-47f4-5925-992b-0a8a7e7058e5,XPL XEclipseTV,Viper,149.7,12,16,4,66.7,91.6,17.1,1,5,Explicit,0,0,1,0,1,0,0,0,8cb71295-38f3-417e-acc7-fc32889aeccb
7a2d099f-bd0d-50be-83ec-29f466fe6fb8,TNL Cano,Cypher,129.8,10,18,5,70.8,87.6,12.7,0,1,Team Name Loading,1,0,0,0,1,0,1,0,8cb71295-38f3-417e-acc7-fc32889aeccb
0423eb8e-c38e-5623-a981-51c109f0b784,TylerStaria,Gekko,174.2,14,16,3,66.7,113.9,12.1,3,3,Team Name Loading,0,0,0,0,2,0,0,0,8cb71295-38f3-417e-acc7-fc32889aeccb
6ad91293-ed9c-5d88-8bea-4f6e37d2c6a3,XPL Nick2K,Jett,130.6,11,18,1,58.3,91.1,30.3,2,3,Explicit,0,0,0,0,1,0,0,0,8cb71295-38f3-417e-acc7-fc32889aeccb
f0c62929-ab9e-5aa9-905b-03e09cc0dd8a,TNL Strober,Omen,207.6,17,13,9,66.7,134.0,22.2,3,5,Team Name Loading,0,0,0,0,0,0,2,0,8cb71295-38f3-417e-acc7-fc32889aeccb
622e8ac6-06a1-5740-bf67-05326ed4d4a9,Allora,Viper,175.5,15,12,6,75.0,140.9,25.0,2,0,Team Name Loading,0,0,1,0,1,0,0,0,8cb71295-38f3-417e-acc7-fc32889aeccb
080a01dd-14dc-5490-9dd3-933e316f87b9,XPL HoodieAlexTv,Harbor,358.1,30,19,5,79.2,240.2,37.8,5,1,Explicit,0,0,0,0,0,0,0,0,8cb71295-38f3-417e-acc7-fc32889aeccb
6e0172a2-57ec-5978-8992-1f30be9f290d,XPL JuneBug,Skye,125.0,10,15,9,62.5,84.3,14.6,0,1,Explicit,0,0,1,0,1,0,2,0,8cb71295-38f3-417e-acc7-fc32889aeccb
6f7b1054-72f3-5b45-8167-7577c22d93b7,XPL Imperius,Killjoy,149.5,10,17,5,62.5,112.8,8.5,2,4,Explicit,0,0,0,0,1,0,1,0,8cb71295-38f3-417e-acc7-fc32889aeccb
